SampleID,g_APP,g_BORCS5,g_C4BPA,g_PTPRQ,g_PUS7,g_IL1RAPL1,mtif_Gender,mtif_Phenotypes
HG00255,BFB-FBI,-,BFB-INS/DEL,BFB-INS/DEL;BFB-event,-,BFB-FBI
HG00338,BFB-INS/DEL,-,BFB-INS/DEL;BFB-event,-,-,-
HG02128,BFB-FBI;BFB-event,BFB-INS/DEL,-,-,-,-
HG00096,BFB-INS/DEL+TRX,-,BFB-INS/DEL,-,-,-
HG00361,BFB-INS/DEL;BFB-event,BFB-INS/DEL,BFB-INS/DEL,-,BFB-INS/DEL,-
NA19171,BFB-INS/DEL;BFB-event,BFB-INS/DEL,-,-,-,-
NA19455,BFB-INS/DEL;BFB-event,-,-,-,-,-
NA11829,BFB-INS/DEL;BFB-event,-,BFB-INS/DEL,-,BFB-FBI,-
NA12872,BFB-INS/DEL;BFB-event,BFB-INS/DEL,BFB-INS/DEL,-,BFB-FBI,-
NA19129,BFB-INS/DEL;BFB-event,BFB-FBI,-,-,-,-
NA18640,BFB-INS/DEL,BFB-FBI,BFB-INS/DEL,-,BFB-FBI,-
NA12775,BFB-INS/DEL,BFB-INS/DEL,-,BFB-INS/DEL;BFB-event,-,-
NA19679,BFB-INS/DEL;BFB-event,BFB-FBI,-,-,-,-
NA18560,BFB-INS/DEL,BFB-INS/DEL,BFB-INS/DEL,-,-,-
NA20859,BFB-INS/DEL,BFB-INS/DEL,-,-,-,-
NA20889,BFB-INS/DEL,BFB-INS/DEL,BFB-INS/DEL,-,-,-
HG00260,BFB-INS/DEL;BFB-event,-,BFB-INS/DEL,-,-,-
NA18951,BFB-INS/DEL+TRX;BFB-event,BFB-INS/DEL,BFB-INS/DEL+TRX;BFB-event,-,-,-
NA18909,BFB-FBI;BFB-event,-,-,-,-,-
HG00117,BFB-INS/DEL;BFB-event,-,BFB-INS/DEL;BFB-event,-,-,-
NA18545,BFB-INS/DEL;BFB-event,-,BFB-INS/DEL,-,-,-
NA12812,BFB-INS/DEL,-,BFB-INS/DEL,-,-,-
NA18566,BFB-INS/DEL,BFB-FBI,BFB-INS/DEL,-,-,-
NA19472,BFB-INS/DEL,-,-,-,-,-
NA20510,-,-,-,-,-,-
NA20808,BFB-INS/DEL,BFB-INS/DEL,-,-,-,-
NA18531,-,-,-,-,-,-
HG00141,BFB-INS/DEL;BFB-event,-,BFB-INS/DEL,-,BFB-INS/DEL,-
HG00126,BFB-INS/DEL+TRX;BFB-event,BFB-INS/DEL,-,-,-,-
NA19701,BFB-FBI;BFB-event,BFB-INS/DEL,-,-,-,-
HG01260,-,BFB-INS/DEL,BFB-INS/DEL,-,-,-
NA18557,BFB-INS/DEL,-,-,BFB-INS/DEL,-,-
HG00344,BFB-INS/DEL;BFB-event,BFB-INS/DEL,BFB-INS/DEL;BFB-event,-,-,-
NA20763,BFB-INS/DEL;BFB-event,-,-,-,-,-
NA20502,BFB-FBI,-,-,-,-,-
HG00137,BFB-INS/DEL;BFB-event,-,-,-,BFB-INS/DEL,-
NA20761,BFB-INS/DEL,BFB-INS/DEL,BFB-INS/DEL;BFB-event,BFB-INS/DEL,-,-
NA19681,BFB-INS/DEL,-,BFB-INS/DEL,-,-,-
HG03072,-,BFB-INS/DEL,BFB-INS/DEL;BFB-event,-,-,-
NA20796,BFB-INS/DEL;BFB-event,-,-,-,-,-
HG02014,BFB-INS/DEL,BFB-FBI,-,-,-,-
NA18635,BFB-INS/DEL,BFB-INS/DEL;BFB-event,BFB-INS/DEL,-,-,-
HG03846,BFB-INS/DEL,BFB-INS/DEL,BFB-INS/DEL,BFB-FBI;BFB-event,BFB-INS/DEL;BFB-event,-
NA18947,-,BFB-INS/DEL,-,BFB-INS/DEL,-,-
NA18613,BFB-FBI,BFB-INS/DEL,BFB-INS/DEL,-,-,-
NA19457,BFB-INS/DEL,-,-,-,-,BFB-FBI
NA20535,-,-,BFB-INS/DEL,-,-,-
NA19005,-,BFB-INS/DEL,BFB-INS/DEL,-,-,-
NA20826,BFB-INS/DEL+TRX;BFB-event,BFB-INS/DEL,-,-,-,-
NA20895,BFB-FBI;BFB-event,-,-,-,-,-
HG01784,BFB-INS/DEL;BFB-event,-,-,-,-,-
NA19153,BFB-INS/DEL+TRX,-,BFB-INS/DEL,-,-,-
NA19729,BFB-INS/DEL,BFB-INS/DEL,BFB-INS/DEL;BFB-event,-,BFB-INS/DEL,-
HG01248,BFB-INS/DEL+TRX;BFB-event,-,BFB-INS/DEL;BFB-event,-,-,BFB-INS/DEL
NA19042,BFB-INS/DEL,BFB-INS/DEL,-,-,-,-
NA20818,BFB-INS/DEL;BFB-event,-,-,-,-,-
NA18610,-,-,BFB-INS/DEL;BFB-event,-,-,-
HG00356,BFB-INS/DEL;BFB-event,-,BFB-FBI,-,-,-
NA20529,BFB-INS/DEL;BFB-event,-,-,-,BFB-FBI,-
HG03445,BFB-INS/DEL,-,-,-,-,-
NA19728,BFB-INS/DEL,-,-,-,-,-
NA18526,BFB-INS/DEL,-,BFB-INS/DEL;BFB-event,BFB-INS/DEL,-,-
HG01783,BFB-INS/DEL;BFB-event,-,-,-,-,-
HG00259,BFB-INS/DEL;BFB-event,-,BFB-INS/DEL,-,-,-
NA18962,BFB-INS/DEL;BFB-event,-,BFB-INS/DEL,-,-,-
NA18933,-,-,BFB-INS/DEL,-,-,-
NA21103,-,-,BFB-INS/DEL,-,BFB-INS/DEL;BFB-event,-
HG01197,BFB-FBI,BFB-FBI,-,-,BFB-FBI,-
NA20850,BFB-INS/DEL+TRX;BFB-event,-,-,-,-,-
HG02009,BFB-INS/DEL,-,BFB-INS/DEL,-,-,-
NA18985,BFB-INS/DEL,-,BFB-INS/DEL,-,-,-
HG00179,BFB-FBI,BFB-FBI,-,-,-,-
HG00353,BFB-INS/DEL;BFB-event,BFB-INS/DEL;BFB-event,-,-,-,-
HG01191,BFB-INS/DEL;BFB-event,-,BFB-INS/DEL;BFB-event,-,-,BFB-FBI
NA20339,BFB-INS/DEL;BFB-event,-,-,-,-,-
NA18986,BFB-INS/DEL;BFB-event,BFB-INS/DEL,-,-,-,-
NA10851,BFB-INS/DEL,-,BFB-INS/DEL;BFB-event,-,-,-
NA20778,-,-,BFB-INS/DEL,-,-,-
NA12717,BFB-INS/DEL,-,BFB-INS/DEL,-,BFB-INS/DEL,-
NA12874,BFB-INS/DEL;BFB-event,BFB-INS/DEL,BFB-INS/DEL,-,-,-
HG00271,BFB-INS/DEL;BFB-event,-,-,-,-,-
HG00318,BFB-INS/DEL,BFB-INS/DEL,-,-,-,-
NA19747,BFB-INS/DEL;BFB-event,BFB-FBI,BFB-INS/DEL;BFB-event,-,-,-
NA19922,BFB-INS/DEL,BFB-FBI,-,-,-,-
HG00315,BFB-INS/DEL,-,BFB-INS/DEL,-,-,-
NA19436,BFB-INS/DEL;BFB-event,BFB-INS/DEL,BFB-INS/DEL,-,-,-
NA19449,BFB-INS/DEL,BFB-FBI,-,-,-,-
HG00345,-,BFB-INS/DEL,BFB-INS/DEL,-,-,-
NA20536,BFB-INS/DEL,BFB-FBI,-,-,-,-
HG00351,BFB-INS/DEL;BFB-event,BFB-INS/DEL,BFB-INS/DEL,-,-,-
NA19102,BFB-INS/DEL;BFB-event,BFB-INS/DEL,-,-,-,-
NA18878,BFB-INS/DEL,BFB-INS/DEL,BFB-INS/DEL,-,-,-
NA20876,BFB-INS/DEL+TRX;BFB-event,BFB-INS/DEL,BFB-INS/DEL,-,-,-
NA12762,BFB-INS/DEL;BFB-event,-,-,-,-,-
NA18954,BFB-INS/DEL,-,-,-,-,-
NA19374,BFB-FBI,BFB-INS/DEL,BFB-INS/DEL,-,-,-
NA18984,BFB-INS/DEL;BFB-event,-,BFB-INS/DEL;BFB-event,-,-,-
NA20519,BFB-INS/DEL,-,BFB-INS/DEL,-,-,-
HG00129,BFB-FBI,-,-,BFB-INS/DEL+TRX,-,-
NA18970,BFB-INS/DEL,-,BFB-INS/DEL,-,-,-
HG03837,BFB-INS/DEL;BFB-event,-,BFB-INS/DEL,-,-,-
NA19764,BFB-INS/DEL;BFB-event,BFB-INS/DEL,BFB-INS/DEL,BFB-INS/DEL,-,-
HG00180,BFB-INS/DEL,BFB-INS/DEL,-,-,-,-
HG03461,BFB-INS/DEL,-,-,-,-,-
HG03388,BFB-INS/DEL,BFB-INS/DEL,-,BFB-INS/DEL,-,-
NA18530,BFB-INS/DEL,-,BFB-FBI;BFB-event,-,-,-
NA18945,BFB-INS/DEL,-,-,-,-,-
NA12413,BFB-INS/DEL;BFB-event,-,BFB-INS/DEL,-,BFB-INS/DEL,-
NA19655,BFB-INS/DEL;BFB-event,-,-,-,-,-
NA12273,-,-,-,-,-,-
HG00177,BFB-INS/DEL,BFB-INS/DEL,BFB-INS/DEL,-,BFB-FBI,-
NA20911,BFB-INS/DEL;BFB-event,-,-,BFB-INS/DEL,-,-
HG02255,BFB-INS/DEL;BFB-event,-,-,-,-,-
NA21141,BFB-INS/DEL;BFB-event,-,BFB-INS/DEL,-,BFB-FBI,-
NA19317,BFB-FBI,BFB-FBI,BFB-INS/DEL,-,-,-
HG01198,BFB-INS/DEL;BFB-event,-,BFB-INS/DEL,-,-,BFB-FBI
NA18965,BFB-INS/DEL;BFB-event,BFB-INS/DEL,BFB-INS/DEL,-,-,-
NA20520,-,-,-,-,-,-
HG00173,BFB-INS/DEL;BFB-event,BFB-INS/DEL,BFB-INS/DEL,-,-,-
HG03433,BFB-INS/DEL;BFB-event,-,-,-,-,-
NA18628,BFB-INS/DEL;BFB-event,-,-,-,-,-
NA19434,BFB-FBI,BFB-INS/DEL,BFB-INS/DEL,-,-,-
NA18934,BFB-INS/DEL;BFB-event,-,-,-,-,-
HG00123,-,-,BFB-INS/DEL,-,-,-
NA18871,BFB-INS/DEL,BFB-FBI,BFB-INS/DEL,-,-,-
HG00372,BFB-INS/DEL,-,-,-,-,-
NA21101,BFB-FBI,BFB-INS/DEL,BFB-INS/DEL;BFB-event,-,-,-
NA19190,BFB-INS/DEL+TRX;BFB-event,-,BFB-INS/DEL,-,-,BFB-INS/DEL
NA21089,BFB-INS/DEL,-,BFB-INS/DEL,-,BFB-INS/DEL,BFB-INS/DEL
HG00328,BFB-INS/DEL;BFB-event,-,-,-,-,-
NA20822,BFB-INS/DEL,-,-,-,-,BFB-FBI
NA20334,BFB-INS/DEL,BFB-INS/DEL,-,-,BFB-FBI,-
HG01205,BFB-INS/DEL+TRX,BFB-FBI,BFB-INS/DEL,-,-,-
NA20588,BFB-INS/DEL,-,BFB-INS/DEL;BFB-event,BFB-FBI;BFB-event,-,-
NA12878,BFB-INS/DEL,-,BFB-INS/DEL;BFB-event,-,BFB-INS/DEL,-
HG00142,BFB-INS/DEL,BFB-INS/DEL,-,-,-,-
NA21118,BFB-INS/DEL,-,BFB-INS/DEL;BFB-event,-,-,-
NA18861,BFB-INS/DEL,BFB-INS/DEL,-,-,-,-
NA19403,-,-,-,-,-,-
NA18975,BFB-FBI,-,BFB-INS/DEL;BFB-event,-,-,-
NA18611,BFB-INS/DEL;BFB-event,-,BFB-INS/DEL,-,-,-
NA20799,BFB-FBI,BFB-INS/DEL,BFB-INS/DEL,-,-,BFB-FBI
NA18959,BFB-INS/DEL,-,BFB-INS/DEL,-,-,-
HG00150,BFB-INS/DEL;BFB-event,-,BFB-INS/DEL,-,BFB-INS/DEL,-
NA21090,BFB-INS/DEL,BFB-INS/DEL,BFB-INS/DEL,-,-,-
NA18536,BFB-FBI,BFB-INS/DEL,BFB-INS/DEL,-,-,-
NA19755,BFB-FBI;BFB-event,-,-,BFB-INS/DEL,-,BFB-FBI
NA18508,-,BFB-FBI,-,-,-,BFB-INS/DEL
NA12890,BFB-INS/DEL;BFB-event,BFB-INS/DEL,BFB-INS/DEL;BFB-event,-,BFB-INS/DEL,-
NA12383,BFB-FBI,BFB-INS/DEL,BFB-INS/DEL,-,-,-
NA18572,BFB-INS/DEL;BFB-event,BFB-INS/DEL,BFB-INS/DEL+TRX;BFB-event,-,-,-
NA19440,BFB-INS/DEL+TRX;BFB-event,-,BFB-INS/DEL,BFB-INS/DEL,-,-
HG00109,BFB-INS/DEL;BFB-event,BFB-FBI,BFB-INS/DEL;BFB-event,-,BFB-INS/DEL,-
NA18912,BFB-INS/DEL,BFB-INS/DEL+TRX,BFB-INS/DEL,-,-,-
NA20525,BFB-INS/DEL;BFB-event,-,-,-,-,-
NA18870,BFB-INS/DEL,BFB-INS/DEL,-,-,-,-
HG03547,BFB-INS/DEL,BFB-FBI,-,-,-,-
NA11992,BFB-INS/DEL,BFB-INS/DEL,-,-,-,-
NA19309,BFB-INS/DEL,-,-,-,-,-
NA18498,BFB-INS/DEL,-,-,-,-,-
NA12058,BFB-INS/DEL;BFB-event,BFB-INS/DEL+TRX,BFB-INS/DEL;BFB-event,-,BFB-INS/DEL,BFB-FBI
NA21122,BFB-INS/DEL,-,-,-,BFB-INS/DEL,-
NA12716,BFB-INS/DEL,BFB-FBI,BFB-INS/DEL,-,-,-
NA20858,BFB-INS/DEL,-,BFB-INS/DEL;BFB-event,BFB-INS/DEL+TRX,-,-
NA18605,BFB-INS/DEL,BFB-INS/DEL,-,-,-,-
HG01257,BFB-INS/DEL+TRX;BFB-event,-,BFB-INS/DEL;BFB-event,-,BFB-FBI,-
NA12003,BFB-INS/DEL;BFB-event,BFB-INS/DEL,BFB-INS/DEL,BFB-INS/DEL,BFB-INS/DEL,-
HG00442,BFB-FBI;BFB-event,-,-,-,-,-
HG01259,BFB-FBI;BFB-event,-,-,-,-,-
HG03446,BFB-INS/DEL,-,-,-,-,-
NA21106,-,-,BFB-INS/DEL;BFB-event,-,-,-
NA19430,BFB-INS/DEL;BFB-event,BFB-INS/DEL,-,-,-,-
NA18643,BFB-INS/DEL,-,BFB-INS/DEL,-,-,-
HG03401,BFB-FBI;BFB-event,-,-,-,-,-
NA18522,BFB-FBI,-,-,-,-,-
NA12348,BFB-INS/DEL;BFB-event,BFB-INS/DEL,-,-,-,-
NA19331,BFB-INS/DEL,-,-,-,-,-
HG00151,BFB-FBI,-,-,-,-,-
NA18565,BFB-INS/DEL,BFB-INS/DEL,BFB-INS/DEL;BFB-event,-,-,-
NA18516,BFB-FBI;BFB-event,-,BFB-INS/DEL,BFB-INS/DEL,-,-
NA11931,-,BFB-INS/DEL,BFB-INS/DEL,-,-,-
HG00106,BFB-INS/DEL,-,-,-,-,-
NA19712,BFB-INS/DEL,BFB-INS/DEL,-,-,-,-
NA20845,BFB-INS/DEL;BFB-event,BFB-INS/DEL,BFB-INS/DEL;BFB-event,-,-,-
NA18488,BFB-INS/DEL,-,-,-,-,-
NA19770,BFB-INS/DEL,-,-,-,-,-
NA19204,BFB-INS/DEL;BFB-event,BFB-INS/DEL,-,-,-,-
NA19256,BFB-FBI,BFB-FBI,-,-,-,-
HG00105,BFB-INS/DEL;BFB-event,BFB-INS/DEL,-,-,-,-
NA18523,BFB-INS/DEL;BFB-event,-,-,-,-,-
NA18570,BFB-FBI;BFB-event,-,-,-,-,BFB-FBI
NA20803,BFB-INS/DEL;BFB-event,BFB-INS/DEL,BFB-INS/DEL,-,BFB-INS/DEL,-
NA19089,BFB-INS/DEL;BFB-event,-,BFB-INS/DEL;BFB-event,-,-,-
NA18563,BFB-INS/DEL;BFB-event,BFB-INS/DEL,-,-,-,-
NA20754,BFB-INS/DEL;BFB-event,BFB-INS/DEL,BFB-INS/DEL,-,-,-
NA06984,BFB-INS/DEL;BFB-event,-,BFB-INS/DEL,-,BFB-INS/DEL+TRX;BFB-event,-
NA19466,BFB-INS/DEL;BFB-event,-,-,-,-,-
HG00464,BFB-INS/DEL,BFB-INS/DEL+TRX,BFB-INS/DEL,-,-,-
NA18924,BFB-INS/DEL;BFB-event,BFB-INS/DEL,-,-,-,-
NA21124,BFB-INS/DEL;BFB-event,BFB-INS/DEL,BFB-INS/DEL,-,-,-
NA18550,BFB-FBI,-,BFB-INS/DEL;BFB-event,-,-,-
NA18990,BFB-INS/DEL;BFB-event,BFB-INS/DEL,BFB-INS/DEL,-,-,-
HG03977,BFB-INS/DEL,-,-,-,-,-
NA21117,BFB-INS/DEL;BFB-event,-,BFB-INS/DEL,-,-,-
NA19037,BFB-INS/DEL,-,-,-,-,BFB-FBI
NA11892,BFB-INS/DEL,BFB-INS/DEL,BFB-INS/DEL;BFB-event,-,-,BFB-FBI
NA19678,BFB-INS/DEL;BFB-event,BFB-INS/DEL,BFB-INS/DEL,-,-,-
NA07357,BFB-INS/DEL,BFB-INS/DEL,BFB-FBI,-,BFB-INS/DEL,-
NA18876,BFB-INS/DEL,BFB-INS/DEL,BFB-FBI;BFB-event,-,-,-
HG03949,BFB-INS/DEL,-,-,BFB-INS/DEL,-,-
NA19027,BFB-INS/DEL;BFB-event,BFB-INS/DEL,BFB-INS/DEL,-,-,-
NA18967,BFB-FBI,-,BFB-INS/DEL,-,-,-
NA11995,BFB-INS/DEL;BFB-event,-,-,-,-,BFB-FBI
NA20531,BFB-INS/DEL,-,-,-,-,-
NA21116,BFB-INS/DEL;BFB-event,-,-,-,BFB-INS/DEL,-
NA20521,BFB-INS/DEL;BFB-event,-,BFB-INS/DEL,-,-,-
NA20869,BFB-INS/DEL;BFB-event,BFB-INS/DEL,BFB-INS/DEL+TRX,-,BFB-FBI,-
NA18596,BFB-INS/DEL;BFB-event,BFB-FBI,-,-,-,-
HG01958,BFB-INS/DEL;BFB-event,BFB-INS/DEL,-,-,-,-
HG00240,BFB-INS/DEL,-,BFB-INS/DEL,-,BFB-FBI,-
HG00149,BFB-FBI,BFB-INS/DEL,BFB-INS/DEL+TRX,-,-,-
NA20585,BFB-INS/DEL;BFB-event,BFB-FBI,BFB-INS/DEL,-,BFB-FBI,-
NA18603,BFB-INS/DEL,BFB-INS/DEL,BFB-INS/DEL,BFB-FBI;BFB-event,-,-
NA12873,-,BFB-INS/DEL,BFB-INS/DEL,-,-,-
HG03718,BFB-FBI,-,-,-,-,-
NA20792,BFB-INS/DEL;BFB-event,BFB-INS/DEL,-,-,-,-
NA19248,-,-,-,-,-,-
NA11932,BFB-INS/DEL;BFB-event,-,BFB-INS/DEL,-,-,-
NA18595,BFB-INS/DEL;BFB-event,BFB-INS/DEL,-,-,BFB-FBI,-
NA12778,BFB-INS/DEL;BFB-event,-,-,-,-,-
NA18538,BFB-INS/DEL;BFB-event,-,BFB-INS/DEL,-,-,-
HG00313,BFB-FBI;BFB-event,BFB-INS/DEL,BFB-INS/DEL,-,-,-
NA18511,BFB-INS/DEL;BFB-event,-,-,-,-,-
HG01251,BFB-INS/DEL;BFB-event,BFB-FBI,-,-,-,-
HG00232,BFB-INS/DEL;BFB-event,-,-,-,-,-
NA18950,BFB-FBI,-,-,-,-,-
NA20586,BFB-INS/DEL;BFB-event,-,BFB-INS/DEL,-,-,-
NA20904,BFB-INS/DEL;BFB-event,-,BFB-INS/DEL,-,BFB-INS/DEL,-
NA19377,-,-,BFB-INS/DEL,-,-,-
NA19235,BFB-INS/DEL,-,BFB-INS/DEL,-,-,-
HG01890,BFB-INS/DEL;BFB-event,-,-,-,-,-
NA19119,BFB-INS/DEL,-,-,-,-,-
NA21108,-,-,-,-,-,-
NA12272,BFB-INS/DEL,-,-,-,BFB-INS/DEL,-
HG00323,BFB-INS/DEL,BFB-INS/DEL,BFB-INS/DEL,-,-,-
NA21086,BFB-INS/DEL,BFB-INS/DEL,BFB-FBI,-,BFB-FBI,-
NA18534,BFB-INS/DEL,-,-,-,-,-
NA20317,BFB-INS/DEL,BFB-INS/DEL,-,-,-,-
NA18638,BFB-INS/DEL,BFB-INS/DEL,BFB-INS/DEL;BFB-event,-,-,-
NA20884,BFB-FBI;BFB-event,-,BFB-INS/DEL,-,-,-
NA07347,BFB-INS/DEL;BFB-event,-,-,-,-,-
HG03484,BFB-INS/DEL;BFB-event,-,-,-,-,-
NA12889,BFB-INS/DEL;BFB-event,-,BFB-INS/DEL;BFB-event,-,-,-
NA18982,BFB-FBI;BFB-event,-,-,-,-,-
NA19723,BFB-FBI;BFB-event,BFB-INS/DEL,-,-,-,-
NA18953,BFB-INS/DEL;BFB-event,-,BFB-INS/DEL,-,-,-
NA20870,BFB-INS/DEL,-,-,-,-,-
NA20888,BFB-INS/DEL;BFB-event,BFB-INS/DEL,BFB-INS/DEL,-,BFB-FBI,-
HG00189,BFB-FBI,BFB-INS/DEL,BFB-INS/DEL,-,-,-
NA19782,BFB-FBI;BFB-event,BFB-FBI,-,BFB-INS/DEL+TRX,-,-
HG03069,BFB-INS/DEL;BFB-event,BFB-FBI,BFB-INS/DEL,-,-,-
NA21113,BFB-INS/DEL;BFB-event,-,-,-,-,-
NA19355,BFB-FBI,BFB-FBI,-,-,-,BFB-FBI
NA18543,BFB-FBI,BFB-INS/DEL,BFB-INS/DEL,-,-,-
HG00253,BFB-INS/DEL;BFB-event,-,BFB-INS/DEL;BFB-event,-,-,-
NA12776,BFB-FBI,-,-,-,-,-
NA12763,BFB-INS/DEL,BFB-INS/DEL,BFB-INS/DEL;BFB-event,-,-,BFB-FBI
NA19099,BFB-INS/DEL;BFB-event,-,BFB-INS/DEL,-,-,-
HG00140,BFB-INS/DEL,BFB-INS/DEL,BFB-INS/DEL,-,BFB-INS/DEL,-
HG01176,BFB-INS/DEL;BFB-event,BFB-INS/DEL,BFB-INS/DEL,BFB-INS/DEL+TRX;BFB-event,BFB-INS/DEL,-
NA19030,BFB-INS/DEL;BFB-event,-,-,-,-,-
HG03856,-,-,-,-,-,-
NA18966,BFB-INS/DEL;BFB-event,-,BFB-INS/DEL;BFB-event,-,-,-
NA11881,BFB-INS/DEL;BFB-event,BFB-INS/DEL,-,-,-,-
NA21135,-,-,BFB-INS/DEL,-,-,-
NA19038,BFB-INS/DEL,-,-,-,-,-
NA11920,BFB-FBI,BFB-INS/DEL,BFB-INS/DEL,-,-,-
HG00186,-,-,BFB-INS/DEL,-,BFB-INS/DEL+TRX,-
HG01250,BFB-INS/DEL;BFB-event,BFB-INS/DEL,-,-,-,-
HG00120,BFB-INS/DEL,-,-,-,BFB-INS/DEL,BFB-FBI
NA19704,BFB-INS/DEL;BFB-event,BFB-FBI,-,BFB-INS/DEL+TRX;BFB-event,-,-
NA20511,BFB-INS/DEL;BFB-event,-,-,-,-,-
NA12282,BFB-INS/DEL,BFB-INS/DEL,BFB-INS/DEL;BFB-event,-,-,-
NA19072,-,-,BFB-INS/DEL;BFB-event,-,-,-
NA18579,BFB-INS/DEL,BFB-INS/DEL,-,-,-,-
NA20527,-,-,-,-,BFB-INS/DEL,-
HG00245,BFB-INS/DEL;BFB-event,BFB-INS/DEL,BFB-INS/DEL,-,-,-
NA18505,BFB-INS/DEL;BFB-event,-,BFB-INS/DEL,-,-,-
HG00158,BFB-INS/DEL;BFB-event,-,-,-,-,-
NA20773,BFB-INS/DEL;BFB-event,-,BFB-INS/DEL,-,BFB-FBI,BFB-INS/DEL
NA18625,BFB-INS/DEL,BFB-INS/DEL,BFB-FBI;BFB-event,-,-,-
NA12249,BFB-INS/DEL;BFB-event,BFB-INS/DEL,BFB-INS/DEL,-,-,-
NA19316,-,-,BFB-INS/DEL,-,-,-
NA20534,BFB-INS/DEL;BFB-event,-,BFB-INS/DEL,-,BFB-INS/DEL;BFB-event,-
HG00320,BFB-INS/DEL;BFB-event,-,BFB-INS/DEL,-,-,-
NA18617,BFB-INS/DEL,BFB-FBI,BFB-INS/DEL,-,-,-
NA18626,BFB-INS/DEL,BFB-INS/DEL,BFB-INS/DEL,-,-,-
NA19152,BFB-FBI,-,-,-,-,-
NA20504,BFB-INS/DEL,BFB-INS/DEL,BFB-INS/DEL,BFB-INS/DEL,BFB-INS/DEL,-
NA12828,BFB-INS/DEL;BFB-event,-,BFB-INS/DEL,-,-,-
HG01990,BFB-INS/DEL,BFB-FBI,-,-,-,-
HG00268,BFB-INS/DEL;BFB-event,-,-,BFB-INS/DEL;BFB-event,BFB-FBI,-
HG03439,BFB-FBI;BFB-event,-,-,-,-,-
NA19090,BFB-INS/DEL;BFB-event,BFB-INS/DEL,-,-,-,-
HG01886,BFB-INS/DEL,BFB-INS/DEL+TRX,-,-,-,-
NA18573,BFB-FBI;BFB-event,BFB-INS/DEL,BFB-INS/DEL,-,-,BFB-FBI
NA18865,BFB-FBI,BFB-INS/DEL+TRX,-,-,-,-
NA20533,BFB-INS/DEL;BFB-event,BFB-INS/DEL,BFB-FBI,-,BFB-INS/DEL,-
NA20530,BFB-INS/DEL;BFB-event,BFB-INS/DEL,-,-,-,-
NA18632,BFB-INS/DEL,-,BFB-INS/DEL,-,-,-
NA12842,BFB-INS/DEL,-,BFB-FBI,-,BFB-INS/DEL;BFB-event,-
NA19762,BFB-INS/DEL;BFB-event,BFB-INS/DEL,BFB-INS/DEL,-,-,-
NA20832,BFB-INS/DEL;BFB-event,-,BFB-INS/DEL,-,-,-
NA12004,BFB-INS/DEL,-,BFB-INS/DEL;BFB-event,-,-,-
NA19663,BFB-INS/DEL,-,BFB-INS/DEL,-,-,-
NA19741,BFB-INS/DEL,-,BFB-INS/DEL,BFB-INS/DEL,-,-
NA12751,BFB-INS/DEL;BFB-event,BFB-INS/DEL,BFB-INS/DEL;BFB-event,-,BFB-INS/DEL,-
NA18525,BFB-INS/DEL;BFB-event,-,-,-,-,-
NA19475,BFB-FBI,BFB-INS/DEL,BFB-INS/DEL,-,-,-
HG03753,BFB-INS/DEL;BFB-event,BFB-INS/DEL,BFB-INS/DEL;BFB-event,BFB-INS/DEL,BFB-FBI;BFB-event,-
NA12341,BFB-INS/DEL;BFB-event,BFB-INS/DEL,-,-,-,-
NA20906,BFB-INS/DEL,-,BFB-INS/DEL,-,-,-
NA11893,BFB-FBI,-,BFB-INS/DEL,-,-,-
NA18567,BFB-INS/DEL,BFB-INS/DEL,BFB-INS/DEL;BFB-event,-,-,-
NA18943,BFB-FBI,-,BFB-INS/DEL,-,-,-
NA18976,-,-,BFB-FBI;BFB-event,-,-,-
NA19200,BFB-INS/DEL;BFB-event,BFB-INS/DEL,-,-,-,-
HG03428,BFB-INS/DEL,BFB-INS/DEL,-,BFB-INS/DEL,-,-
HG00256,BFB-INS/DEL,-,-,BFB-INS/DEL;BFB-event,-,-
NA19223,BFB-INS/DEL;BFB-event,-,-,-,-,-
NA18502,BFB-INS/DEL,-,-,-,-,-
HG00112,-,BFB-FBI,BFB-INS/DEL,-,-,-
NA21098,BFB-INS/DEL;BFB-event,BFB-INS/DEL,-,-,-,-
HG03890,-,BFB-INS/DEL,BFB-INS/DEL,-,-,-
NA18537,BFB-FBI,BFB-INS/DEL,BFB-FBI;BFB-event,BFB-INS/DEL,-,-
NA19321,BFB-FBI;BFB-event,-,BFB-INS/DEL,-,-,-
NA18528,-,-,-,-,-,-
NA20815,BFB-INS/DEL;BFB-event,-,-,-,-,-
NA18969,BFB-INS/DEL,BFB-INS/DEL,BFB-INS/DEL,-,-,-
NA19307,-,-,BFB-FBI,-,-,-
HG00113,BFB-INS/DEL;BFB-event,-,BFB-INS/DEL,-,BFB-INS/DEL,-
NA11831,BFB-INS/DEL;BFB-event,BFB-INS/DEL,BFB-INS/DEL,-,BFB-INS/DEL,-
NA11894,BFB-INS/DEL,-,BFB-INS/DEL,-,-,-
HG00266,BFB-INS/DEL;BFB-event,-,BFB-INS/DEL,-,BFB-INS/DEL,-
NA20539,BFB-INS/DEL;BFB-event,-,BFB-INS/DEL;BFB-event,BFB-INS/DEL;BFB-event,-,-
NA19315,BFB-INS/DEL,BFB-INS/DEL,BFB-INS/DEL,-,BFB-INS/DEL+TRX,-
NA19384,BFB-INS/DEL,BFB-INS/DEL+TRX,BFB-INS/DEL,-,-,-
NA12748,BFB-FBI;BFB-event,-,BFB-INS/DEL,-,BFB-INS/DEL+TRX,-
NA19332,BFB-INS/DEL,-,-,-,-,-
NA18549,BFB-INS/DEL;BFB-event,-,BFB-INS/DEL;BFB-event,-,-,-
NA18991,BFB-INS/DEL;BFB-event,BFB-INS/DEL,-,-,-,-
NA18582,BFB-INS/DEL,-,-,-,-,-
NA18747,BFB-INS/DEL;BFB-event,-,BFB-INS/DEL;BFB-event,-,-,-
NA12275,BFB-FBI,BFB-INS/DEL,BFB-INS/DEL;BFB-event,-,-,-
NA18917,BFB-INS/DEL,-,-,-,-,-
NA20771,BFB-INS/DEL;BFB-event,BFB-FBI,BFB-INS/DEL;BFB-event,BFB-INS/DEL;BFB-event,BFB-INS/DEL;BFB-event,-
NA19000,BFB-FBI,-,BFB-INS/DEL;BFB-event,-,-,-
NA19725,BFB-FBI,-,-,-,-,-
HG00121,-,-,BFB-INS/DEL;BFB-event,-,BFB-INS/DEL,-
NA19731,BFB-INS/DEL,-,BFB-INS/DEL,-,BFB-FBI,-
NA18740,BFB-INS/DEL;BFB-event,-,BFB-INS/DEL,-,-,-
NA18963,-,-,BFB-INS/DEL,-,-,-
NA20867,-,-,BFB-INS/DEL,-,-,-
NA20516,BFB-FBI;BFB-event,BFB-INS/DEL,-,-,-,-
NA19372,BFB-INS/DEL,-,-,-,-,-
NA12340,BFB-INS/DEL,-,-,-,-,-
NA12813,BFB-INS/DEL,-,BFB-INS/DEL,BFB-INS/DEL+TRX;BFB-event,-,-
HG00443,BFB-INS/DEL;BFB-event,BFB-INS/DEL,BFB-INS/DEL;BFB-event,-,-,BFB-FBI
HG02373,BFB-INS/DEL+TRX;BFB-event,BFB-INS/DEL,BFB-INS/DEL,-,-,-
NA19431,BFB-INS/DEL;BFB-event,-,BFB-INS/DEL,BFB-INS/DEL,-,-
NA21112,BFB-INS/DEL;BFB-event,-,BFB-INS/DEL,BFB-INS/DEL,-,-
NA18622,BFB-FBI;BFB-event,BFB-FBI,BFB-INS/DEL,-,-,-
NA19159,BFB-INS/DEL,BFB-INS/DEL,-,-,-,-
HG00267,BFB-INS/DEL;BFB-event,-,-,-,-,-
NA19467,BFB-INS/DEL;BFB-event,BFB-INS/DEL,-,-,-,-
NA18907,BFB-FBI,BFB-FBI,-,-,-,-
HG00349,BFB-INS/DEL;BFB-event,BFB-INS/DEL,BFB-INS/DEL,-,-,-
HG03458,BFB-INS/DEL,-,-,-,-,-
HG02235,BFB-INS/DEL,BFB-INS/DEL,-,-,-,-
HG03780,BFB-FBI;BFB-event,BFB-INS/DEL,BFB-FBI,-,-,-
NA12156,BFB-INS/DEL;BFB-event,-,-,BFB-INS/DEL,BFB-FBI,-
NA19247,BFB-INS/DEL;BFB-event,-,-,BFB-INS/DEL,-,-
NA18504,BFB-INS/DEL,BFB-INS/DEL,BFB-INS/DEL,-,-,-
HG00103,BFB-INS/DEL;BFB-event,BFB-INS/DEL,BFB-INS/DEL,-,-,-
HG00263,BFB-INS/DEL;BFB-event,-,BFB-INS/DEL;BFB-event,-,-,-
NA18645,BFB-INS/DEL;BFB-event,BFB-INS/DEL,BFB-INS/DEL;BFB-event,-,-,-
NA18519,BFB-INS/DEL;BFB-event,-,-,-,-,-
NA12144,BFB-FBI,BFB-FBI,-,-,-,-
NA19236,BFB-INS/DEL;BFB-event,-,-,-,-,-
NA18910,BFB-INS/DEL,-,-,-,-,-
HG00185,BFB-INS/DEL,BFB-INS/DEL,-,-,-,-
NA06985,BFB-FBI;BFB-event,BFB-INS/DEL,-,-,-,-
NA20828,BFB-INS/DEL,BFB-INS/DEL,-,-,BFB-FBI,-
HG00321,BFB-INS/DEL,-,-,-,-,-
NA19347,BFB-INS/DEL,BFB-FBI,-,-,-,-
NA18533,BFB-FBI;BFB-event,-,BFB-INS/DEL,-,-,-
HG00102,BFB-INS/DEL;BFB-event,-,BFB-INS/DEL,-,-,-
NA11840,BFB-INS/DEL,BFB-FBI,-,-,BFB-FBI,BFB-FBI
NA19654,BFB-FBI,-,-,-,-,-
NA18612,BFB-INS/DEL,BFB-INS/DEL,-,-,-,-
NA18957,BFB-INS/DEL;BFB-event,-,BFB-INS/DEL,-,-,-
NA20809,BFB-INS/DEL;BFB-event,-,BFB-FBI;BFB-event,-,BFB-FBI;BFB-event,-
NA19445,BFB-INS/DEL;BFB-event,-,-,-,-,-
HG00157,BFB-INS/DEL;BFB-event,-,BFB-INS/DEL,-,-,-
NA12283,BFB-INS/DEL;BFB-event,BFB-INS/DEL,-,-,BFB-INS/DEL+TRX,-
NA19661,BFB-FBI,-,-,-,-,-
NA20811,BFB-FBI;BFB-event,BFB-INS/DEL,BFB-INS/DEL,-,-,-
NA20861,BFB-INS/DEL;BFB-event,BFB-INS/DEL,BFB-INS/DEL+TRX,-,-,-
NA20886,BFB-FBI,-,BFB-INS/DEL,BFB-FBI,-,-
NA10847,BFB-FBI;BFB-event,-,BFB-INS/DEL;BFB-event,-,-,-
HG00183,BFB-INS/DEL,-,-,-,-,-
NA21091,BFB-INS/DEL;BFB-event,BFB-FBI,-,-,-,-
NA19734,BFB-INS/DEL,-,BFB-INS/DEL,-,-,-
NA20340,BFB-INS/DEL;BFB-event,BFB-INS/DEL,-,-,-,-
NA20512,BFB-INS/DEL,BFB-INS/DEL,BFB-INS/DEL,-,-,-
NA18620,BFB-INS/DEL,-,BFB-INS/DEL,-,-,-
NA20900,BFB-FBI,BFB-INS/DEL,-,-,-,BFB-FBI
HG00155,BFB-INS/DEL,BFB-INS/DEL,-,-,-,-
SRR3760936,-,-,-,-,-,-
HG01187,BFB-INS/DEL;BFB-event,BFB-INS/DEL;BFB-event,-,-,-,-
NA18574,BFB-INS/DEL;BFB-event,-,BFB-INS/DEL,-,-,-
NA20887,BFB-FBI,BFB-FBI,BFB-INS/DEL,-,-,-
HG00343,BFB-INS/DEL,BFB-INS/DEL;BFB-event,-,-,BFB-INS/DEL,BFB-INS/DEL
NA18553,-,BFB-INS/DEL,BFB-INS/DEL,BFB-INS/DEL,-,-
NA19172,BFB-INS/DEL,-,BFB-INS/DEL,-,-,-
NA11919,BFB-INS/DEL+TRX,BFB-FBI,BFB-FBI,BFB-INS/DEL,-,-
NA20503,BFB-INS/DEL;BFB-event,-,-,-,-,-
HG00176,-,-,-,-,-,-
HG00233,BFB-INS/DEL;BFB-event,BFB-FBI,BFB-INS/DEL;BFB-event,-,-,-
NA18593,-,-,-,-,-,-
HG00097,BFB-INS/DEL;BFB-event,BFB-INS/DEL,-,-,BFB-FBI,-
NA19041,BFB-INS/DEL,-,-,-,-,-
NA12489,BFB-INS/DEL,-,BFB-INS/DEL,-,BFB-FBI,-
NA20874,BFB-INS/DEL;BFB-event,-,BFB-INS/DEL,-,-,-
NA19684,BFB-INS/DEL,-,BFB-INS/DEL,-,-,-
NA18591,BFB-INS/DEL,-,BFB-INS/DEL;BFB-event,-,-,-
HG02012,BFB-INS/DEL,-,BFB-INS/DEL,-,-,-
NA18606,BFB-INS/DEL,BFB-FBI,-,-,-,-
NA19401,BFB-FBI;BFB-event,BFB-INS/DEL,-,-,-,-
NA18501,BFB-INS/DEL,-,BFB-INS/DEL,-,-,-
NA19012,BFB-INS/DEL;BFB-event,BFB-INS/DEL,-,-,-,-
NA20518,BFB-FBI,BFB-INS/DEL,-,-,-,-
HG00337,BFB-INS/DEL,BFB-INS/DEL,-,-,BFB-INS/DEL,-
NA21088,BFB-INS/DEL,BFB-INS/DEL,BFB-INS/DEL,-,-,-
HG00339,BFB-INS/DEL;BFB-event,BFB-INS/DEL,BFB-INS/DEL;BFB-event,-,-,-
HG00371,BFB-FBI;BFB-event,-,-,-,BFB-FBI,-
NA18973,BFB-INS/DEL,BFB-INS/DEL,-,-,-,-
NA19055,BFB-INS/DEL;BFB-event,BFB-INS/DEL,BFB-INS/DEL,-,-,-
NA19437,BFB-INS/DEL,BFB-INS/DEL,-,-,-,-
HG02053,BFB-INS/DEL;BFB-event,-,-,BFB-INS/DEL,-,-
NA19116,BFB-INS/DEL;BFB-event,-,-,-,-,-
NA20581,BFB-INS/DEL,BFB-FBI,-,-,BFB-FBI,-
NA12044,BFB-INS/DEL;BFB-event,-,-,-,-,-
HG00335,BFB-INS/DEL;BFB-event,-,BFB-FBI,-,-,-
NA21143,BFB-INS/DEL;BFB-event,BFB-INS/DEL,BFB-INS/DEL,-,-,BFB-INS/DEL
NA20298,BFB-INS/DEL,BFB-FBI,-,-,-,-
NA19001,BFB-INS/DEL;BFB-event,BFB-INS/DEL;BFB-event,-,-,-,-
NA21127,BFB-FBI;BFB-event,-,BFB-INS/DEL,-,BFB-INS/DEL;BFB-event,-
NA12814,BFB-FBI,BFB-INS/DEL,BFB-INS/DEL,-,-,-
NA18548,BFB-FBI;BFB-event,-,-,-,-,-
NA18648,BFB-INS/DEL,BFB-INS/DEL,BFB-INS/DEL;BFB-event,-,-,-
NA20862,BFB-INS/DEL;BFB-event,-,BFB-INS/DEL,-,BFB-INS/DEL,-
HG03442,BFB-INS/DEL;BFB-event,-,-,-,-,-
NA20346,BFB-INS/DEL,-,-,-,-,-
NA20801,BFB-INS/DEL;BFB-event,BFB-FBI,-,-,-,-
NA19098,-,BFB-INS/DEL,-,-,-,-
NA19732,BFB-INS/DEL;BFB-event,-,BFB-INS/DEL,-,-,-
NA18948,BFB-FBI;BFB-event,BFB-INS/DEL,BFB-INS/DEL,-,-,-
NA19327,-,BFB-INS/DEL,-,-,-,-
NA20863,BFB-INS/DEL;BFB-event,-,BFB-INS/DEL,BFB-INS/DEL,BFB-INS/DEL,-
HG01254,-,-,BFB-INS/DEL;BFB-event,-,-,-
HG03449,BFB-INS/DEL,BFB-INS/DEL,-,-,-,-
NA19214,-,BFB-INS/DEL,BFB-INS/DEL,-,-,-
NA19390,BFB-INS/DEL;BFB-event,BFB-FBI,-,-,-,-
NA18853,BFB-INS/DEL,BFB-INS/DEL,-,-,-,-
NA18939,BFB-INS/DEL;BFB-event,BFB-INS/DEL,-,BFB-INS/DEL,-,-
NA19404,BFB-FBI,-,-,-,BFB-INS/DEL,-
HG00143,BFB-FBI;BFB-event,BFB-INS/DEL,BFB-INS/DEL;BFB-event,-,-,-
NA21137,BFB-FBI,-,-,-,-,-
NA20528,BFB-INS/DEL;BFB-event,-,-,-,BFB-INS/DEL,-
NA21119,BFB-INS/DEL,BFB-INS/DEL,BFB-INS/DEL,-,BFB-FBI,-
HG00265,BFB-INS/DEL;BFB-event,-,BFB-INS/DEL;BFB-event,-,-,-
NA20864,BFB-INS/DEL;BFB-event,BFB-INS/DEL,-,-,-,-
NA20786,BFB-INS/DEL,BFB-INS/DEL,BFB-INS/DEL,-,-,-
HG02215,BFB-INS/DEL;BFB-event,-,BFB-INS/DEL,-,-,-
HG00114,BFB-INS/DEL;BFB-event,-,BFB-INS/DEL,-,-,-
NA18916,BFB-INS/DEL;BFB-event,-,-,-,-,-
HG03476,BFB-INS/DEL+TRX,-,-,-,-,-
HG03548,BFB-INS/DEL;BFB-event,BFB-INS/DEL,-,-,-,-
NA20357,BFB-INS/DEL;BFB-event,-,-,BFB-INS/DEL,-,-
HG02113,BFB-INS/DEL,BFB-INS/DEL,BFB-INS/DEL,BFB-FBI,-,-
NA12399,BFB-INS/DEL,-,BFB-INS/DEL,-,BFB-FBI,-
NA19346,BFB-INS/DEL;BFB-event,-,-,-,-,-
NA19670,BFB-FBI;BFB-event,-,BFB-INS/DEL,-,BFB-FBI,-
NA19314,BFB-INS/DEL,BFB-FBI,-,-,-,-
NA18619,-,BFB-INS/DEL,-,-,-,-
HG01915,BFB-INS/DEL;BFB-event,BFB-INS/DEL,-,-,-,-
NA19083,BFB-INS/DEL,-,-,-,-,-
NA19399,BFB-INS/DEL,-,-,-,-,-
NA20351,BFB-INS/DEL,-,-,-,-,-
HG01188,BFB-INS/DEL;BFB-event,BFB-INS/DEL,-,-,-,-
HG02054,BFB-INS/DEL,BFB-FBI,-,-,-,-
HG04018,BFB-INS/DEL;BFB-event,BFB-INS/DEL,BFB-INS/DEL;BFB-event,-,-,-
HG00190,BFB-INS/DEL,-,-,-,-,-
NA19435,BFB-INS/DEL;BFB-event,BFB-INS/DEL,-,-,-,-
HG01883,BFB-INS/DEL,-,-,-,-,-
NA12829,BFB-INS/DEL;BFB-event,BFB-INS/DEL,BFB-INS/DEL,-,BFB-INS/DEL,-
NA18960,BFB-INS/DEL;BFB-event,BFB-INS/DEL,-,-,-,-
NA19338,BFB-INS/DEL,-,-,-,-,-
HG03376,BFB-INS/DEL,-,-,-,-,-
HG00136,BFB-INS/DEL;BFB-event,-,BFB-INS/DEL,-,BFB-FBI,-
NA19657,BFB-INS/DEL,BFB-INS/DEL,BFB-INS/DEL;BFB-event,-,-,-
HG01182,BFB-INS/DEL,BFB-INS/DEL,-,-,-,-
NA18745,BFB-INS/DEL,-,BFB-INS/DEL,-,-,-
HG03895,BFB-INS/DEL;BFB-event,-,BFB-INS/DEL;BFB-event,-,-,-
NA19319,BFB-INS/DEL;BFB-event,-,-,-,-,-
NA19735,BFB-INS/DEL;BFB-event,BFB-INS/DEL,BFB-INS/DEL;BFB-event,-,-,-
NA20851,BFB-INS/DEL,BFB-FBI,-,-,-,-
NA18999,BFB-INS/DEL;BFB-event,BFB-INS/DEL,BFB-INS/DEL;BFB-event,BFB-INS/DEL,-,-
HG03212,BFB-INS/DEL;BFB-event,BFB-INS/DEL,-,-,-,-
NA19213,BFB-INS/DEL;BFB-event,-,-,-,-,-
NA18608,BFB-INS/DEL;BFB-event,-,BFB-INS/DEL;BFB-event,-,-,-
NA19209,BFB-INS/DEL;BFB-event,BFB-INS/DEL,-,-,-,-
HG00264,BFB-INS/DEL;BFB-event,-,BFB-INS/DEL,-,-,-
NA20762,BFB-INS/DEL;BFB-event,BFB-INS/DEL,-,-,-,-
HG01253,BFB-FBI;BFB-event,-,BFB-INS/DEL,-,-,-
NA18633,BFB-INS/DEL+TRX,-,BFB-INS/DEL;BFB-event,-,-,-
HG01171,BFB-FBI,-,BFB-INS/DEL;BFB-event,-,BFB-FBI,-
HG02236,BFB-INS/DEL,-,-,-,-,-
NA19143,BFB-INS/DEL;BFB-event,-,-,-,-,-
NA19160,BFB-INS/DEL;BFB-event,-,-,-,-,-
NA19752,BFB-INS/DEL;BFB-event,-,-,-,-,-
NA19131,BFB-INS/DEL,BFB-INS/DEL,BFB-INS/DEL,-,-,-
HG00365,BFB-INS/DEL,BFB-INS/DEL,-,-,BFB-INS/DEL,BFB-FBI
HG02221,BFB-INS/DEL;BFB-event,-,-,-,-,-
HG00146,BFB-INS/DEL,-,BFB-INS/DEL,-,-,-
NA20810,BFB-INS/DEL;BFB-event,-,BFB-INS/DEL,-,-,-
NA20514,BFB-FBI;BFB-event,-,BFB-INS/DEL,-,-,-
HG00182,BFB-FBI;BFB-event,BFB-INS/DEL,BFB-INS/DEL,-,-,-
NA20356,BFB-INS/DEL,BFB-INS/DEL,-,-,-,-
NA18977,BFB-INS/DEL,-,-,-,-,-
HG00122,BFB-INS/DEL;BFB-event,BFB-INS/DEL,BFB-INS/DEL,-,-,-
NA19257,BFB-INS/DEL;BFB-event,-,-,BFB-INS/DEL;BFB-event,-,-
HG02127,BFB-FBI;BFB-event,-,BFB-FBI,BFB-INS/DEL;BFB-event,-,-
NA20515,BFB-INS/DEL;BFB-event,BFB-INS/DEL,BFB-INS/DEL;BFB-event,-,BFB-FBI,-
NA19351,BFB-FBI,BFB-INS/DEL,-,-,-,-
NA18873,BFB-FBI;BFB-event,BFB-FBI,-,-,-,-
HG00188,BFB-INS/DEL;BFB-event,-,BFB-INS/DEL,-,-,-
NA20853,BFB-INS/DEL;BFB-event,-,BFB-INS/DEL,-,BFB-FBI,BFB-INS/DEL
NA19308,BFB-INS/DEL,BFB-INS/DEL;BFB-event,-,-,-,-
NA18978,BFB-FBI;BFB-event,BFB-INS/DEL,-,-,-,-
NA19201,BFB-INS/DEL,-,-,-,-,-
HG00327,-,BFB-INS/DEL+TRX,BFB-INS/DEL,-,-,-
HG00171,BFB-INS/DEL,BFB-INS/DEL,BFB-INS/DEL;BFB-event,-,-,-
NA18647,BFB-FBI,BFB-INS/DEL,BFB-INS/DEL,-,-,-
NA21144,BFB-FBI,-,BFB-INS/DEL,-,-,-
NA19786,BFB-INS/DEL,-,BFB-INS/DEL,-,-,-
HG00346,BFB-INS/DEL,-,BFB-INS/DEL,-,-,-
NA21142,BFB-INS/DEL;BFB-event,-,BFB-INS/DEL,-,-,-
NA18561,BFB-INS/DEL;BFB-event,-,-,-,-,-
NA20412,BFB-INS/DEL+TRX,-,-,-,-,-
HG02396,BFB-INS/DEL,BFB-INS/DEL,BFB-INS/DEL,BFB-INS/DEL,BFB-FBI,-
HG00243,BFB-INS/DEL;BFB-event,-,BFB-INS/DEL,-,-,-
NA18577,BFB-FBI;BFB-event,BFB-INS/DEL,BFB-INS/DEL,-,-,-
NA18879,-,-,-,-,-,-
NA20894,-,-,-,-,-,-
NA12827,BFB-INS/DEL;BFB-event,-,BFB-INS/DEL;BFB-event,-,-,-
NA18535,BFB-INS/DEL;BFB-event,BFB-INS/DEL,BFB-INS/DEL;BFB-event,-,-,-
NA20541,BFB-FBI,BFB-INS/DEL,BFB-INS/DEL,-,-,-
HG00119,BFB-INS/DEL;BFB-event,-,BFB-INS/DEL,-,-,-
NA18499,BFB-INS/DEL;BFB-event,-,-,-,-,-
NA19147,-,-,-,-,-,-
NA19379,BFB-FBI,-,-,-,-,-
NA18546,BFB-FBI,-,BFB-INS/DEL;BFB-event,BFB-INS/DEL;BFB-event,-,-
HG00178,BFB-INS/DEL;BFB-event,BFB-INS/DEL,-,-,-,-
NA18542,-,-,BFB-INS/DEL;BFB-event,-,-,-
NA18971,BFB-INS/DEL,BFB-INS/DEL,-,-,-,-
NA20901,BFB-INS/DEL;BFB-event,-,-,-,BFB-FBI,-
NA18547,-,-,BFB-INS/DEL,-,-,-
HG00148,BFB-INS/DEL,-,-,-,-,-
HG00099,BFB-INS/DEL;BFB-event,-,BFB-INS/DEL;BFB-event,-,BFB-INS/DEL,-
NA12347,BFB-FBI,BFB-INS/DEL,BFB-INS/DEL;BFB-event,-,-,-
HG04099,BFB-FBI;BFB-event,-,-,-,-,-
NA19783,BFB-INS/DEL,BFB-INS/DEL,-,-,-,-
NA18510,BFB-INS/DEL,-,-,-,-,-
NA20509,BFB-INS/DEL;BFB-event,BFB-INS/DEL,-,-,-,-
NA19397,BFB-FBI,-,-,-,-,-
NA20852,BFB-INS/DEL;BFB-event,-,BFB-INS/DEL,-,-,-
NA19716,-,-,-,-,-,-
NA19383,BFB-INS/DEL;BFB-event,-,BFB-INS/DEL,-,-,-
HG03410,BFB-INS/DEL,BFB-FBI,-,-,-,-
NA21129,BFB-INS/DEL,-,-,-,-,-
HG00254,BFB-FBI,BFB-INS/DEL,BFB-INS/DEL;BFB-event,-,-,BFB-FBI
NA20542,BFB-INS/DEL;BFB-event,BFB-INS/DEL,-,-,-,-
NA19210,BFB-INS/DEL;BFB-event,-,-,-,-,-
NA20506,BFB-INS/DEL,BFB-FBI,BFB-INS/DEL;BFB-event,-,-,-
NA18597,BFB-FBI;BFB-event,-,-,-,-,-
HG00118,BFB-INS/DEL,-,BFB-INS/DEL,BFB-INS/DEL;BFB-event,BFB-FBI,-
NA20908,BFB-INS/DEL,BFB-INS/DEL,BFB-INS/DEL,-,-,-
NA19740,BFB-INS/DEL,-,BFB-INS/DEL,-,-,-
NA19443,BFB-FBI;BFB-event,-,BFB-INS/DEL,-,-,-
NA18571,-,-,BFB-INS/DEL,-,-,-
HG00258,BFB-INS/DEL,-,BFB-INS/DEL,-,-,-
NA18616,BFB-INS/DEL;BFB-event,-,-,BFB-INS/DEL,-,-
NA20899,BFB-INS/DEL,BFB-INS/DEL,BFB-INS/DEL,-,-,-
HG00116,BFB-INS/DEL,-,-,-,-,-
NA21104,BFB-INS/DEL;BFB-event,BFB-FBI,BFB-INS/DEL,-,BFB-FBI,-
NA18559,BFB-INS/DEL,-,BFB-INS/DEL,BFB-INS/DEL,-,-
HG00362,BFB-INS/DEL;BFB-event,-,BFB-FBI;BFB-event,-,-,-
NA20890,BFB-INS/DEL;BFB-event,-,BFB-INS/DEL;BFB-event,-,-,-
NA20891,BFB-INS/DEL;BFB-event,BFB-INS/DEL,-,-,-,-
HG00125,BFB-INS/DEL,-,BFB-INS/DEL;BFB-event,-,BFB-FBI,-
HG00231,BFB-INS/DEL,-,-,-,BFB-FBI,-
NA20847,BFB-FBI,-,-,-,-,-
NA19711,BFB-FBI,-,-,-,-,-
NA21105,BFB-INS/DEL,-,BFB-INS/DEL,-,BFB-FBI,BFB-INS/DEL
NA20543,BFB-INS/DEL,-,-,-,-,-
NA19026,BFB-INS/DEL;BFB-event,-,-,-,-,-
HG01882,BFB-INS/DEL;BFB-event,-,BFB-INS/DEL;BFB-event,-,-,-
NA19318,BFB-FBI;BFB-event,-,BFB-INS/DEL,-,-,-
NA19144,BFB-INS/DEL;BFB-event,BFB-INS/DEL,-,-,-,-
NA18983,BFB-INS/DEL;BFB-event,-,BFB-INS/DEL,-,-,-
NA20589,BFB-INS/DEL;BFB-event,BFB-INS/DEL,BFB-INS/DEL;BFB-event,-,-,-
NA12286,BFB-INS/DEL;BFB-event,-,BFB-INS/DEL,-,BFB-INS/DEL;BFB-event,-
NA19225,-,BFB-INS/DEL,-,-,-,-
NA21093,BFB-INS/DEL;BFB-event,BFB-INS/DEL,BFB-INS/DEL;BFB-event,-,-,-
NA18507,BFB-INS/DEL,-,-,-,-,-
NA19394,BFB-INS/DEL;BFB-event,-,-,-,-,BFB-FBI
NA19461,BFB-INS/DEL,-,-,-,-,-
NA20314,BFB-INS/DEL;BFB-event,BFB-INS/DEL,BFB-INS/DEL,-,-,-
NA19378,BFB-FBI,BFB-INS/DEL,-,-,-,-
NA19451,BFB-FBI,-,BFB-INS/DEL,-,-,-
NA20753,BFB-FBI;BFB-event,-,-,BFB-INS/DEL;BFB-event,-,-
HG04029,BFB-INS/DEL,-,BFB-FBI;BFB-event,-,BFB-INS/DEL+TRX,-
NA20885,BFB-INS/DEL;BFB-event,-,BFB-INS/DEL,-,BFB-FBI,-
NA20332,BFB-INS/DEL;BFB-event,-,-,BFB-INS/DEL,-,-
HG03760,BFB-INS/DEL,-,BFB-INS/DEL;BFB-event,-,-,BFB-INS/DEL
NA20756,BFB-INS/DEL,-,-,-,BFB-FBI,BFB-FBI
HG03953,BFB-FBI;BFB-event,-,-,-,-,-
NA21102,BFB-INS/DEL;BFB-event,-,BFB-INS/DEL,-,-,-
NA20755,BFB-INS/DEL;BFB-event,BFB-INS/DEL,BFB-INS/DEL,-,BFB-FBI,-
NA12155,BFB-INS/DEL,-,-,-,BFB-FBI,-
HG02256,BFB-INS/DEL;BFB-event,BFB-FBI,-,-,-,-
NA19658,BFB-INS/DEL,-,-,-,-,-
HG03836,BFB-INS/DEL;BFB-event,-,BFB-INS/DEL,-,BFB-INS/DEL,-
NA18621,BFB-INS/DEL,BFB-FBI,BFB-INS/DEL;BFB-event,-,-,-
HG03436,BFB-FBI;BFB-event,-,-,-,-,-
NA19360,BFB-FBI;BFB-event,BFB-INS/DEL,BFB-INS/DEL,-,-,-
NA18908,BFB-INS/DEL;BFB-event,BFB-INS/DEL,-,-,-,-
HG00252,BFB-INS/DEL;BFB-event,BFB-FBI,BFB-INS/DEL,-,BFB-INS/DEL,-
NA19376,BFB-INS/DEL,-,-,-,-,-
HG02220,BFB-INS/DEL,-,BFB-FBI;BFB-event,-,-,-
NA20795,BFB-INS/DEL;BFB-event,BFB-INS/DEL,BFB-INS/DEL,-,-,-
NA20896,BFB-INS/DEL,-,BFB-INS/DEL,-,BFB-FBI;BFB-event,-
NA18995,BFB-INS/DEL;BFB-event,-,-,-,-,-
HG02301,BFB-INS/DEL;BFB-event,-,BFB-INS/DEL,BFB-INS/DEL+TRX,BFB-INS/DEL;BFB-event,-
NA19380,BFB-INS/DEL;BFB-event,-,-,-,-,-
NA21133,BFB-INS/DEL,-,BFB-INS/DEL,-,BFB-INS/DEL+TRX,-
NA21123,BFB-INS/DEL,-,BFB-INS/DEL,-,-,-
NA20752,BFB-INS/DEL,BFB-INS/DEL,BFB-INS/DEL,-,BFB-FBI,-
HG00110,BFB-INS/DEL,BFB-INS/DEL,BFB-INS/DEL;BFB-event,BFB-INS/DEL,BFB-FBI,-
NA21115,BFB-INS/DEL;BFB-event,BFB-INS/DEL,BFB-INS/DEL;BFB-event,-,-,-
NA20882,BFB-INS/DEL;BFB-event,BFB-INS/DEL,BFB-INS/DEL,-,-,-
NA19700,BFB-INS/DEL;BFB-event,BFB-FBI,-,-,-,-
HG03848,BFB-FBI;BFB-event,-,BFB-INS/DEL,-,-,-
NA11832,-,-,BFB-INS/DEL,-,-,-
NA11830,BFB-INS/DEL;BFB-event,-,BFB-INS/DEL;BFB-event,-,-,-
NA19010,BFB-INS/DEL;BFB-event,-,BFB-INS/DEL,-,-,-
NA18541,BFB-INS/DEL;BFB-event,BFB-INS/DEL,BFB-INS/DEL;BFB-event,-,-,-
NA20532,BFB-INS/DEL,-,-,BFB-INS/DEL,-,-
NA20807,BFB-INS/DEL;BFB-event,BFB-FBI,BFB-INS/DEL,-,-,BFB-FBI
NA18517,BFB-FBI;BFB-event,-,BFB-INS/DEL,BFB-INS/DEL;BFB-event,-,-
HG00145,BFB-INS/DEL;BFB-event,-,BFB-INS/DEL,-,-,-
NA20513,BFB-INS/DEL,BFB-INS/DEL+TRX,-,-,-,-
HG03478,BFB-INS/DEL,-,-,-,-,BFB-INS/DEL
NA07056,BFB-INS/DEL;BFB-event,-,BFB-INS/DEL;BFB-event,-,BFB-INS/DEL,-
NA06989,BFB-FBI;BFB-event,-,BFB-INS/DEL;BFB-event,-,BFB-FBI,-
NA20348,BFB-INS/DEL,-,-,-,-,-
NA12843,BFB-INS/DEL;BFB-event,-,BFB-INS/DEL,-,-,-
NA19446,BFB-INS/DEL,-,BFB-FBI,BFB-INS/DEL,-,BFB-INS/DEL
NA18631,-,BFB-INS/DEL,BFB-INS/DEL,-,-,-
HG02141,-,BFB-INS/DEL,BFB-INS/DEL,-,-,-
NA20505,-,-,-,-,BFB-INS/DEL,BFB-FBI
NA19462,BFB-FBI,-,BFB-INS/DEL,-,-,-
HG00261,BFB-INS/DEL;BFB-event,-,-,-,-,BFB-FBI
HG01242,BFB-INS/DEL,BFB-INS/DEL,-,-,-,BFB-FBI
NA20540,-,-,-,-,BFB-FBI,-
NA21092,BFB-INS/DEL;BFB-event,-,-,-,-,-
NA11843,BFB-INS/DEL,-,-,-,-,-
NA19652,BFB-INS/DEL,-,BFB-FBI,-,-,-
NA21114,-,-,-,-,-,-
HG01914,BFB-INS/DEL;BFB-event,-,-,-,-,-
NA18562,BFB-INS/DEL+TRX;BFB-event,-,BFB-INS/DEL,-,-,-
NA19138,BFB-FBI,BFB-FBI,-,-,-,-
HG00235,BFB-INS/DEL,BFB-INS/DEL,BFB-INS/DEL;BFB-event,-,-,-
NA12005,BFB-INS/DEL,-,-,-,BFB-FBI;BFB-event,-
NA19746,-,-,BFB-INS/DEL,-,-,-
NA11933,BFB-FBI,BFB-INS/DEL,BFB-INS/DEL;BFB-event,-,-,-
HG00319,BFB-INS/DEL;BFB-event,-,BFB-INS/DEL,-,-,BFB-FBI
NA18972,BFB-INS/DEL,BFB-INS/DEL,-,-,-,-
NA11994,BFB-INS/DEL;BFB-event,-,-,-,BFB-INS/DEL,-
HG02397,BFB-FBI;BFB-event,-,-,-,-,-
HG03066,-,-,-,-,-,-
HG03061,BFB-INS/DEL;BFB-event,BFB-FBI,-,BFB-INS/DEL,-,-
NA18980,BFB-FBI;BFB-event,BFB-INS/DEL,BFB-INS/DEL,-,-,-
HG00100,BFB-INS/DEL;BFB-event,BFB-INS/DEL,BFB-INS/DEL,-,BFB-INS/DEL,-
NA20507,BFB-INS/DEL;BFB-event,-,BFB-INS/DEL,-,-,-
NA18630,-,BFB-INS/DEL,BFB-INS/DEL,-,-,-
NA18486,BFB-FBI,-,-,-,-,-
NA18992,BFB-INS/DEL,BFB-INS/DEL+TRX,-,-,-,-
NA20772,BFB-INS/DEL;BFB-event,BFB-FBI,-,BFB-INS/DEL,-,-
HG00234,BFB-INS/DEL;BFB-event,-,BFB-INS/DEL;BFB-event,-,-,-
NA18615,BFB-INS/DEL;BFB-event,-,BFB-INS/DEL;BFB-event,-,-,-
NA18592,BFB-INS/DEL,-,BFB-INS/DEL,-,-,-
NA19713,BFB-INS/DEL,-,BFB-INS/DEL,-,-,BFB-INS/DEL+TRX
NA20846,BFB-INS/DEL,BFB-INS/DEL,BFB-INS/DEL;BFB-event,-,-,-
NA19835,BFB-INS/DEL;BFB-event,BFB-INS/DEL,-,BFB-INS/DEL,-,-
NA19682,BFB-INS/DEL,BFB-INS/DEL,-,-,-,-
NA18942,-,-,BFB-INS/DEL,-,-,-
NA19323,BFB-INS/DEL;BFB-event,-,BFB-FBI,-,-,-
HG03485,BFB-FBI,-,-,-,-,-
HG00358,BFB-FBI;BFB-event,-,-,-,-,-
HG00242,BFB-INS/DEL,-,BFB-INS/DEL;BFB-event,-,-,-
NA12234,BFB-INS/DEL;BFB-event,BFB-INS/DEL,-,-,-,-
NA18961,BFB-INS/DEL,BFB-INS/DEL+TRX,BFB-INS/DEL,-,-,-
NA21095,-,-,-,-,BFB-FBI,-
NA21128,BFB-INS/DEL,-,BFB-INS/DEL,-,-,-
HG00342,BFB-INS/DEL,-,BFB-INS/DEL,-,-,-
NA18609,BFB-INS/DEL;BFB-event,BFB-INS/DEL,BFB-INS/DEL,-,-,-
NA20804,BFB-INS/DEL,-,BFB-INS/DEL,-,-,BFB-FBI;BFB-event
NA18614,-,-,-,-,-,-
NA18629,BFB-INS/DEL,-,BFB-INS/DEL,-,-,-
NA20790,BFB-INS/DEL;BFB-event,BFB-INS/DEL,BFB-INS/DEL,-,BFB-FBI,-
NA21130,BFB-INS/DEL,BFB-INS/DEL,BFB-INS/DEL;BFB-event,-,BFB-FBI,-
NA19324,BFB-INS/DEL;BFB-event,-,-,-,-,-
NA12718,BFB-INS/DEL;BFB-event,-,BFB-INS/DEL,-,-,-
NA12750,BFB-FBI;BFB-event,BFB-INS/DEL,-,-,-,BFB-FBI
NA18627,BFB-INS/DEL,BFB-FBI,BFB-INS/DEL,-,-,-
NA11918,BFB-INS/DEL;BFB-event,-,-,-,-,-
HG00181,-,BFB-INS/DEL,BFB-INS/DEL;BFB-event,-,-,-
NA18974,BFB-INS/DEL;BFB-event,BFB-INS/DEL,BFB-INS/DEL,-,-,-
NA19043,BFB-INS/DEL;BFB-event,BFB-INS/DEL,-,-,-,-
NA20757,BFB-INS/DEL,-,BFB-INS/DEL,-,-,BFB-INS/DEL
HG00369,BFB-INS/DEL;BFB-event,BFB-INS/DEL,BFB-INS/DEL,-,-,-
NA20902,BFB-INS/DEL,-,-,-,BFB-INS/DEL,-
NA18599,BFB-INS/DEL;BFB-event,-,BFB-INS/DEL,-,-,-
HG00101,BFB-INS/DEL,BFB-INS/DEL,BFB-FBI;BFB-event,-,-,-
NA20866,BFB-INS/DEL,-,BFB-INS/DEL;BFB-event,-,-,-
HG01986,BFB-INS/DEL;BFB-event,BFB-FBI,-,-,-,-
NA19108,BFB-INS/DEL;BFB-event,-,BFB-INS/DEL,-,-,-
NA19391,BFB-INS/DEL;BFB-event,-,-,-,-,-
NA12045,BFB-INS/DEL,-,BFB-INS/DEL,-,-,-
HG00127,BFB-FBI,BFB-INS/DEL,-,-,-,BFB-FBI
NA20587,BFB-FBI,-,BFB-INS/DEL;BFB-event,-,BFB-FBI,-
HG01204,BFB-INS/DEL;BFB-event,-,BFB-INS/DEL,-,-,-
HG00360,BFB-INS/DEL;BFB-event,-,-,-,-,-
NA20875,BFB-INS/DEL;BFB-event,BFB-INS/DEL,BFB-INS/DEL;BFB-event,-,-,BFB-INS/DEL+TRX
NA20881,BFB-FBI;BFB-event,BFB-INS/DEL,BFB-INS/DEL,-,-,-
HG00357,BFB-INS/DEL;BFB-event,-,BFB-INS/DEL,-,-,-
NA18624,BFB-INS/DEL;BFB-event,-,BFB-INS/DEL,-,-,-
NA20903,BFB-FBI,BFB-FBI;BFB-event,BFB-INS/DEL;BFB-event,-,BFB-INS/DEL,-
HG03947,BFB-FBI,-,-,-,-,-
HG02282,BFB-INS/DEL;BFB-event,-,-,-,-,-
NA20544,BFB-INS/DEL,BFB-INS/DEL,-,-,-,-
NA19726,BFB-FBI;BFB-event,BFB-INS/DEL,BFB-INS/DEL,-,-,-
HG00244,BFB-INS/DEL;BFB-event,-,-,-,-,-
HG01177,BFB-INS/DEL,BFB-INS/DEL,BFB-INS/DEL,-,-,-
NA11930,BFB-FBI,BFB-INS/DEL,BFB-INS/DEL,-,BFB-INS/DEL;BFB-event,-
NA19334,BFB-INS/DEL,-,-,-,-,-
NA18956,BFB-INS/DEL;BFB-event,-,BFB-INS/DEL,-,-,-
HG00128,-,BFB-FBI,BFB-INS/DEL,-,-,-
NA18602,BFB-FBI,BFB-INS/DEL,BFB-INS/DEL,-,-,-
NA18940,BFB-INS/DEL;BFB-event,-,-,BFB-FBI,-,-
NA21111,BFB-FBI,-,-,-,BFB-FBI,-
NA20872,BFB-INS/DEL;BFB-event,BFB-FBI,BFB-INS/DEL,-,BFB-FBI,-
NA19114,BFB-INS/DEL;BFB-event,-,-,-,-,-
HG00160,BFB-FBI;BFB-event,-,BFB-INS/DEL,-,BFB-INS/DEL,-
NA19923,-,-,BFB-INS/DEL,-,-,-
NA20910,BFB-INS/DEL,BFB-INS/DEL,BFB-INS/DEL,-,-,-
HG00133,BFB-INS/DEL,-,BFB-INS/DEL;BFB-event,-,BFB-FBI;BFB-event,-
NA18988,BFB-FBI,BFB-INS/DEL,-,-,-,-
NA18946,BFB-INS/DEL,-,BFB-INS/DEL;BFB-event,-,-,-
HG01885,BFB-INS/DEL,-,-,-,-,-
HG03460,BFB-FBI,-,-,-,-,-
HG00350,BFB-INS/DEL;BFB-event,BFB-INS/DEL,BFB-INS/DEL,-,-,BFB-FBI
NA18555,BFB-INS/DEL;BFB-event,-,-,-,-,-
NA19468,BFB-INS/DEL,-,-,-,-,-
HG00309,BFB-FBI,-,-,-,-,-
NA19429,BFB-INS/DEL,-,-,BFB-INS/DEL,-,-
NA12414,BFB-INS/DEL;BFB-event,-,BFB-INS/DEL;BFB-event,BFB-FBI;BFB-event,-,-
HG00262,BFB-INS/DEL,BFB-INS/DEL,BFB-INS/DEL,-,-,-
NA19056,BFB-FBI;BFB-event,BFB-FBI,-,-,-,-
HG00452,BFB-FBI,BFB-INS/DEL,BFB-INS/DEL,-,-,-
HG00238,BFB-INS/DEL,-,BFB-INS/DEL,-,BFB-FBI,-
NA19375,BFB-INS/DEL,BFB-INS/DEL,-,-,-,-
HG01256,BFB-FBI,-,BFB-INS/DEL,-,BFB-FBI,-
NA18868,BFB-INS/DEL,-,-,-,-,-
HG01190,BFB-INS/DEL;BFB-event,BFB-INS/DEL,-,-,-,-
NA19393,BFB-INS/DEL,-,BFB-INS/DEL,-,-,-
NA21107,BFB-INS/DEL;BFB-event,-,-,-,BFB-FBI;BFB-event,-
NA18997,BFB-INS/DEL;BFB-event,BFB-INS/DEL,-,-,-,-
NA20827,BFB-INS/DEL;BFB-event,-,BFB-INS/DEL,-,-,-
NA19456,BFB-INS/DEL;BFB-event,-,-,-,-,BFB-FBI
NA12006,BFB-INS/DEL,-,BFB-INS/DEL,-,-,-
NA20770,BFB-INS/DEL;BFB-event,-,BFB-INS/DEL,-,BFB-FBI,-
NA20582,BFB-INS/DEL;BFB-event,-,BFB-INS/DEL;BFB-event,BFB-INS/DEL,BFB-INS/DEL,-
HG00111,-,-,-,-,BFB-INS/DEL,-
HG02010,BFB-INS/DEL;BFB-event,-,-,-,-,-
NA20783,BFB-INS/DEL,BFB-INS/DEL,-,BFB-INS/DEL,-,BFB-FBI
NA19474,BFB-INS/DEL,-,BFB-INS/DEL,-,-,-
NA20524,BFB-INS/DEL+TRX,BFB-INS/DEL,-,-,-,-
NA18964,BFB-INS/DEL;BFB-event,-,-,-,-,BFB-FBI
NA20897,BFB-INS/DEL,BFB-INS/DEL,-,-,-,-
NA20802,BFB-INS/DEL,-,-,-,-,-
NA12342,BFB-INS/DEL;BFB-event,BFB-INS/DEL,BFB-INS/DEL,-,BFB-INS/DEL,-
HG00130,BFB-INS/DEL;BFB-event,-,-,-,-,-
NA18981,-,-,BFB-INS/DEL,-,-,-
HG00138,BFB-INS/DEL;BFB-event,-,BFB-INS/DEL,-,BFB-FBI,-
NA12749,BFB-INS/DEL,-,-,-,-,-
NA19031,BFB-INS/DEL;BFB-event,BFB-INS/DEL,-,-,-,-
NA20787,BFB-INS/DEL,BFB-INS/DEL,BFB-INS/DEL,-,-,-
HG00364,-,-,BFB-INS/DEL,-,-,-
NA19239,BFB-FBI;BFB-event,-,-,-,-,-
NA20299,BFB-INS/DEL;BFB-event,-,-,-,-,-
HG01183,BFB-INS/DEL;BFB-event,-,-,-,BFB-INS/DEL,-
NA18949,-,-,-,-,-,-
NA18923,BFB-INS/DEL;BFB-event,-,-,-,-,-
NA19664,BFB-FBI;BFB-event,-,BFB-INS/DEL,-,BFB-INS/DEL,-
HG01173,BFB-INS/DEL;BFB-event,-,BFB-INS/DEL,BFB-INS/DEL,-,-
NA19428,BFB-INS/DEL,-,-,-,-,-
NA18877,BFB-INS/DEL+TRX,-,-,-,-,-
NA18952,BFB-INS/DEL;BFB-event,-,BFB-INS/DEL,-,-,-
NA18552,BFB-INS/DEL;BFB-event,BFB-FBI,BFB-INS/DEL,-,-,-
NA21126,BFB-INS/DEL;BFB-event,-,BFB-INS/DEL,BFB-INS/DEL,BFB-INS/DEL+TRX,-
NA12154,BFB-FBI,-,BFB-INS/DEL;BFB-event,-,-,-
NA20522,BFB-INS/DEL,-,BFB-INS/DEL,-,BFB-FBI,-
NA18864,BFB-INS/DEL;BFB-event,BFB-INS/DEL,BFB-INS/DEL,-,-,-
HG02394,BFB-INS/DEL;BFB-event,-,BFB-INS/DEL,-,-,-
HG00336,BFB-FBI,-,-,-,-,-
NA19091,BFB-INS/DEL,-,-,-,-,-
HG00269,BFB-INS/DEL,-,BFB-INS/DEL,-,BFB-INS/DEL,-
NA20856,BFB-INS/DEL,-,-,-,BFB-INS/DEL,-
NA19093,BFB-INS/DEL;BFB-event,-,BFB-INS/DEL,-,-,-
HG01889,BFB-FBI,BFB-INS/DEL,BFB-INS/DEL,-,-,-
HG01241,BFB-INS/DEL;BFB-event,-,-,-,-,-
NA18532,BFB-FBI,-,BFB-INS/DEL;BFB-event,-,-,BFB-FBI
HG00355,BFB-INS/DEL;BFB-event,BFB-INS/DEL,BFB-INS/DEL;BFB-event,-,-,-
NA20877,BFB-INS/DEL,-,-,-,-,BFB-INS/DEL
NA18856,BFB-INS/DEL;BFB-event,-,-,-,-,-
NA20805,BFB-INS/DEL,-,BFB-INS/DEL,BFB-INS/DEL;BFB-event,-,-
NA19900,BFB-FBI;BFB-event,-,-,-,-,-
NA20359,BFB-INS/DEL+TRX;BFB-event,-,-,-,-,-
NA21099,BFB-FBI,-,-,-,BFB-FBI,-
NA20868,BFB-INS/DEL,-,-,-,-,-
NA19395,BFB-INS/DEL+TRX;BFB-event,BFB-INS/DEL,BFB-INS/DEL,-,-,-
HG00445,BFB-INS/DEL,-,BFB-INS/DEL,-,-,-
NA18644,BFB-INS/DEL;BFB-event,BFB-INS/DEL,BFB-INS/DEL;BFB-event,BFB-INS/DEL;BFB-event,-,-
NA18858,BFB-INS/DEL;BFB-event,-,-,-,-,-
NA19792,BFB-INS/DEL;BFB-event,BFB-FBI,BFB-INS/DEL,BFB-INS/DEL,-,-
NA18489,BFB-INS/DEL;BFB-event,BFB-INS/DEL,-,-,-,-
HG00132,BFB-INS/DEL;BFB-event,BFB-INS/DEL,-,-,-,-
NA18915,BFB-INS/DEL;BFB-event,-,BFB-INS/DEL,-,-,-
NA19438,BFB-INS/DEL;BFB-event,-,BFB-INS/DEL,-,-,-
NA18558,BFB-INS/DEL,-,BFB-INS/DEL;BFB-event,-,-,-
NA21120,BFB-INS/DEL;BFB-event,-,BFB-INS/DEL,-,-,-
NA19054,BFB-INS/DEL;BFB-event,-,BFB-INS/DEL,-,-,-
HG00367,BFB-INS/DEL;BFB-event,BFB-INS/DEL,BFB-INS/DEL,-,-,-
NA12043,BFB-FBI;BFB-event,BFB-INS/DEL,BFB-FBI,-,-,-
NA20765,BFB-INS/DEL;BFB-event,-,-,-,-,-
HG00174,-,-,BFB-INS/DEL,-,-,-
NA20342,BFB-INS/DEL,BFB-FBI,-,-,BFB-FBI,-
HG04035,BFB-INS/DEL;BFB-event,BFB-INS/DEL,-,-,-,-
HG03851,BFB-INS/DEL;BFB-event,-,-,-,-,-
NA19463,BFB-INS/DEL;BFB-event,-,-,-,-,-
HG00368,BFB-INS/DEL,BFB-INS/DEL,BFB-INS/DEL,-,-,-
NA20508,BFB-FBI;BFB-event,BFB-FBI,-,-,-,-
HG00131,BFB-FBI,BFB-INS/DEL,-,-,-,-
NA21094,BFB-INS/DEL;BFB-event,BFB-INS/DEL,-,-,-,-
NA21109,BFB-FBI,BFB-INS/DEL,BFB-INS/DEL,-,BFB-INS/DEL,-
NA19350,BFB-INS/DEL,BFB-INS/DEL,BFB-INS/DEL,-,-,-
NA12777,BFB-INS/DEL;BFB-event,BFB-INS/DEL,-,-,BFB-FBI,-
NA19036,BFB-INS/DEL,BFB-INS/DEL,-,-,-,-
NA18941,BFB-INS/DEL;BFB-event,BFB-INS/DEL,BFB-INS/DEL;BFB-event,-,-,-
NA18539,BFB-INS/DEL,-,-,-,-,-
NA19035,BFB-INS/DEL,-,-,-,-,-
HG04033,BFB-FBI;BFB-event,-,-,-,-,-
NA20892,BFB-INS/DEL,-,BFB-INS/DEL,-,-,-
NA19669,BFB-INS/DEL,-,-,-,-,-
NA19238,-,BFB-INS/DEL,BFB-INS/DEL,-,-,-
HG01956,BFB-INS/DEL;BFB-event,BFB-INS/DEL,-,BFB-INS/DEL;BFB-event,-,-
HG00311,BFB-INS/DEL,-,BFB-INS/DEL,-,-,-
HG00139,BFB-INS/DEL;BFB-event,-,BFB-INS/DEL,-,-,-
NA18757,BFB-INS/DEL;BFB-event,-,-,-,-,-
NA19207,BFB-INS/DEL,-,BFB-INS/DEL,-,-,-
NA20806,BFB-INS/DEL;BFB-event,BFB-INS/DEL,-,-,-,-
NA18564,BFB-INS/DEL;BFB-event,-,BFB-INS/DEL,-,BFB-INS/DEL,-
HG01174,-,-,BFB-INS/DEL;BFB-event,-,-,-
NA19439,-,-,BFB-INS/DEL,-,-,-
HG02281,BFB-INS/DEL,-,-,-,-,-
HG03419,BFB-INS/DEL;BFB-event,BFB-INS/DEL,-,-,-,-
HG00107,BFB-INS/DEL;BFB-event,-,-,-,BFB-INS/DEL,-
HG00187,BFB-INS/DEL;BFB-event,-,-,-,-,-
NA19312,BFB-INS/DEL,BFB-INS/DEL,BFB-INS/DEL,-,-,-
NA12400,BFB-INS/DEL,BFB-INS/DEL,BFB-INS/DEL,-,BFB-INS/DEL+TRX;BFB-event,-
HG00451,-,-,BFB-INS/DEL,-,-,-
NA20785,BFB-INS/DEL;BFB-event,BFB-INS/DEL,BFB-INS/DEL;BFB-event,-,BFB-INS/DEL,-
NA20538,BFB-FBI,BFB-INS/DEL,BFB-INS/DEL,-,BFB-FBI,-
NA19028,-,-,BFB-INS/DEL,-,-,-
NA18520,BFB-INS/DEL;BFB-event,-,-,-,-,-
NA18968,BFB-FBI;BFB-event,BFB-INS/DEL,-,-,-,-
HG03437,BFB-INS/DEL;BFB-event,BFB-FBI,BFB-INS/DEL,-,-,-
NA19057,BFB-INS/DEL,-,BFB-INS/DEL,-,-,-
NA19328,BFB-INS/DEL;BFB-event,BFB-INS/DEL,BFB-INS/DEL,-,-,-
NA19320,BFB-INS/DEL,-,-,-,-,-
HG03380,BFB-INS/DEL;BFB-event,-,-,-,-,-
HG03385,BFB-INS/DEL;BFB-event,-,-,-,-,-
NA20849,BFB-INS/DEL;BFB-event,-,BFB-FBI,BFB-INS/DEL,-,BFB-FBI
NA18749,BFB-FBI;BFB-event,-,-,-,-,-
HG03055,BFB-INS/DEL,-,-,-,-,-
NA19984,BFB-FBI,BFB-INS/DEL,-,-,BFB-FBI;BFB-event,-
HG03479,BFB-INS/DEL,-,-,-,-,BFB-FBI
NA19310,BFB-FBI,BFB-INS/DEL,BFB-INS/DEL,-,-,-
NA21097,BFB-INS/DEL;BFB-event,-,-,-,-,-
NA12760,BFB-INS/DEL;BFB-event,BFB-INS/DEL,-,-,-,-
