SampleID,g_APP,g_C4BPA,g_BORCS5,g_PTPRQ,g_PUS7,g_ITPRID1,mtif_Gender,mtif_Phenotypes
SRR3953832,BFB-INS/DEL;BFB-event,BFB-INS/DEL;BFB-event,-,-,-,-
SRR3953833,BFB-INS/DEL+TRX;BFB-event,BFB-INS/DEL,BFB-INS/DEL,BFB-INS/DEL;BFB-event,-,-
SRR3949349,BFB-INS/DEL,BFB-INS/DEL,BFB-FBI,-,-,-
SRR3949357,BFB-INS/DEL;BFB-event,-,BFB-INS/DEL;BFB-event,-,-,-
SRR3760952,BFB-INS/DEL,BFB-INS/DEL,BFB-INS/DEL,BFB-INS/DEL,-,BFB-INS/DEL
SRR3760953,BFB-INS/DEL;BFB-event,BFB-INS/DEL,BFB-INS/DEL,-,-,-
SRR3931785,BFB-INS/DEL;BFB-event,BFB-INS/DEL,BFB-INS/DEL,-,-,BFB-INS/DEL
SRR3825126,BFB-INS/DEL;BFB-event,BFB-INS/DEL;BFB-event,BFB-INS/DEL,-,BFB-FBI,-
SRR3987344,BFB-FBI,BFB-INS/DEL,-,-,BFB-INS/DEL,-
SRR3987348,BFB-INS/DEL,BFB-INS/DEL;BFB-event,BFB-INS/DEL,-,-,-
,N/A,N/A,N/A,N/A,N/A,N/A,N/A,N/A
SRR3928812,BFB-INS/DEL;BFB-event,BFB-INS/DEL,BFB-INS/DEL,-,-,-
SRR3945331,BFB-INS/DEL;BFB-event,BFB-INS/DEL;BFB-event,BFB-INS/DEL,-,BFB-FBI,-
SRR3945298,N/A,N/A,N/A,N/A,N/A,N/A,N/A,N/A
SRR3945308,N/A,N/A,N/A,N/A,N/A,N/A,N/A,N/A
SRR3945306,N/A,N/A,N/A,N/A,N/A,N/A,N/A,N/A
SRR3945324,BFB-INS/DEL;BFB-event,BFB-INS/DEL;BFB-event,-,BFB-FBI,-,-
SRR3945329,BFB-FBI;BFB-event,-,BFB-INS/DEL,-,BFB-FBI,BFB-INS/DEL
SRR3761029,BFB-INS/DEL,BFB-INS/DEL,BFB-INS/DEL,-,BFB-FBI,BFB-INS/DEL
SRR3761034,BFB-INS/DEL;BFB-event,BFB-FBI,-,-,BFB-FBI,-
SRR3987278,BFB-INS/DEL,BFB-INS/DEL,BFB-INS/DEL,-,BFB-INS/DEL,-
SRR3987272,BFB-INS/DEL,-,-,-,-,-
SRR3989887,BFB-INS/DEL,BFB-INS/DEL;BFB-event,BFB-INS/DEL,-,-,-
,N/A,N/A,N/A,N/A,N/A,N/A,N/A,N/A
SRR3825069,BFB-INS/DEL;BFB-event,BFB-INS/DEL;BFB-event,BFB-INS/DEL,BFB-INS/DEL,-,-
SRR3825059,BFB-INS/DEL;BFB-event,BFB-INS/DEL,BFB-INS/DEL,-,-,-
SRR5115009,BFB-FBI;BFB-event,BFB-INS/DEL,-,-,-,-
SRR5115010,BFB-FBI;BFB-event,-,-,BFB-INS/DEL,-,BFB-FBI
SRR3760976,BFB-INS/DEL;BFB-event,BFB-INS/DEL,-,-,-,BFB-INS/DEL+TRX
SRR3760977,BFB-INS/DEL;BFB-event,BFB-INS/DEL,-,-,BFB-INS/DEL,-
SRR3945288,BFB-INS/DEL,-,-,BFB-INS/DEL;BFB-event,-,BFB-INS/DEL
SRR3931850,BFB-INS/DEL;BFB-event,BFB-INS/DEL,-,-,-,BFB-INS/DEL
SRR3928876,BFB-FBI,BFB-INS/DEL;BFB-event,BFB-INS/DEL+TRX,-,-,BFB-INS/DEL;BFB-event
SRR3928868,BFB-INS/DEL;BFB-event,BFB-INS/DEL;BFB-event,-,BFB-INS/DEL;BFB-event,-,BFB-INS/DEL+TRX
,N/A,N/A,N/A,N/A,N/A,N/A,N/A,N/A
SRR3931826,BFB-INS/DEL;BFB-event,BFB-INS/DEL,BFB-INS/DEL,-,BFB-FBI,-
SRR3987355,BFB-INS/DEL;BFB-event,BFB-INS/DEL;BFB-event,-,-,-,BFB-INS/DEL;BFB-event
SRR3987356,BFB-INS/DEL;BFB-event,-,-,-,-,BFB-INS/DEL
SRR5115060,BFB-FBI;BFB-event,BFB-INS/DEL,-,-,-,-
SRR5115061,BFB-FBI,-,-,-,-,-
SRR3760943,BFB-INS/DEL,BFB-INS/DEL;BFB-event,-,BFB-INS/DEL,-,-
SRR3760944,BFB-FBI;BFB-event,BFB-INS/DEL;BFB-event,BFB-INS/DEL,BFB-INS/DEL;BFB-event,-,-
SRR3987338,BFB-INS/DEL;BFB-event,-,-,-,-,-
SRR3987339,BFB-FBI;BFB-event,-,BFB-INS/DEL,-,BFB-INS/DEL+TRX,-
SRR5114922,N/A,N/A,N/A,N/A,N/A,N/A,N/A,N/A
SRR5114923,N/A,N/A,N/A,N/A,N/A,N/A,N/A,N/A
SRR5114955,N/A,N/A,N/A,N/A,N/A,N/A,N/A,N/A
SRR5114956,N/A,N/A,N/A,N/A,N/A,N/A,N/A,N/A
SRR3989815,BFB-INS/DEL,BFB-INS/DEL,-,-,BFB-INS/DEL,-
,N/A,N/A,N/A,N/A,N/A,N/A,N/A,N/A
SRR3825140,BFB-INS/DEL;BFB-event,BFB-INS/DEL,-,BFB-INS/DEL+TRX,BFB-FBI,-
SRR3825110,BFB-INS/DEL,BFB-INS/DEL,-,-,-,-
SRR3949408,BFB-INS/DEL,BFB-INS/DEL,BFB-INS/DEL,-,BFB-FBI,-
SRR3949409,BFB-INS/DEL;BFB-event,-,-,-,-,-
SRR3931778,BFB-INS/DEL;BFB-event,BFB-INS/DEL,BFB-INS/DEL,-,BFB-INS/DEL;BFB-event,-
SRR3931765,BFB-INS/DEL;BFB-event,BFB-FBI;BFB-event,BFB-INS/DEL,-,BFB-FBI,-
SRR3928870,N/A,N/A,N/A,N/A,N/A,N/A,N/A,N/A
SRR3953816,BFB-FBI,-,BFB-INS/DEL,-,BFB-INS/DEL,BFB-INS/DEL;BFB-event
SRR3989898,BFB-INS/DEL;BFB-event,BFB-FBI,-,-,-,-
SRR3989899,-,BFB-INS/DEL;BFB-event,BFB-INS/DEL,BFB-INS/DEL,BFB-INS/DEL,-
SRR3949429,BFB-INS/DEL,BFB-INS/DEL,BFB-INS/DEL,-,BFB-INS/DEL;BFB-event,BFB-INS/DEL
SRR3949427,BFB-INS/DEL;BFB-event,BFB-INS/DEL,-,BFB-INS/DEL,BFB-INS/DEL,-
SRR3953790,-,-,-,BFB-INS/DEL,BFB-INS/DEL;BFB-event,-
SRR3953789,BFB-FBI,BFB-INS/DEL,BFB-INS/DEL,-,-,-
SRR3945493,BFB-FBI,BFB-INS/DEL,-,-,BFB-FBI,-
SRR3945495,BFB-INS/DEL;BFB-event,BFB-INS/DEL,BFB-INS/DEL,-,BFB-INS/DEL,-
SRR3760955,BFB-INS/DEL,-,BFB-INS/DEL,-,-,-
SRR3760956,BFB-INS/DEL,BFB-FBI,-,BFB-FBI;BFB-event,BFB-FBI,-
SRR3953764,-,BFB-INS/DEL,-,-,-,-
SRR3953767,BFB-INS/DEL,BFB-FBI,BFB-FBI,-,-,BFB-INS/DEL
SRR3953799,BFB-INS/DEL,BFB-INS/DEL,-,BFB-INS/DEL,-,-
SRR3953800,BFB-INS/DEL;BFB-event,BFB-INS/DEL,-,-,-,-
SRR3989854,BFB-INS/DEL,BFB-INS/DEL,BFB-INS/DEL,-,-,-
SRR3989851,BFB-FBI,BFB-FBI;BFB-event,BFB-INS/DEL,BFB-FBI;BFB-event,BFB-INS/DEL;BFB-event,-
SRR3989875,BFB-INS/DEL;BFB-event,-,-,-,-,BFB-INS/DEL
SRR3989878,-,BFB-INS/DEL;BFB-event,BFB-INS/DEL,-,-,-
SRR3931774,BFB-FBI;BFB-event,BFB-INS/DEL,BFB-INS/DEL,-,-,-
SRR3931788,BFB-INS/DEL;BFB-event,BFB-INS/DEL;BFB-event,-,-,-,-
SRR3953733,BFB-FBI,BFB-INS/DEL,BFB-INS/DEL,-,-,-
SRR3953734,BFB-INS/DEL,-,-,-,BFB-INS/DEL,-
SRR3928799,BFB-INS/DEL,-,-,BFB-INS/DEL,-,BFB-INS/DEL;BFB-event
SRR3928801,BFB-INS/DEL;BFB-event,BFB-FBI,-,BFB-INS/DEL;BFB-event,-,-
SRR3953747,BFB-FBI,-,BFB-INS/DEL,-,BFB-FBI,-
SRR3953750,BFB-INS/DEL,-,-,-,-,-
SRR3945334,BFB-INS/DEL,BFB-INS/DEL,BFB-INS/DEL,-,-,-
SRR3945333,BFB-INS/DEL;BFB-event,-,-,-,-,-
SRR3825111,BFB-INS/DEL;BFB-event,-,BFB-INS/DEL,BFB-FBI,-,-
SRR3825107,BFB-INS/DEL,BFB-INS/DEL,BFB-INS/DEL,-,BFB-INS/DEL,-
SRR3931876,BFB-INS/DEL,-,-,-,-,-
SRR3931875,BFB-INS/DEL;BFB-event,BFB-INS/DEL;BFB-event,BFB-INS/DEL,-,-,BFB-INS/DEL
SRR3989853,BFB-INS/DEL;BFB-event,-,BFB-INS/DEL,-,-,-
SRR3989852,BFB-INS/DEL;BFB-event,-,BFB-INS/DEL,-,-,-
SRR3949405,BFB-INS/DEL;BFB-event,-,BFB-INS/DEL,-,BFB-FBI;BFB-event,-
SRR3949407,BFB-INS/DEL;BFB-event,-,BFB-INS/DEL,-,-,-
SRR3953819,BFB-INS/DEL,-,-,BFB-FBI,-,-
SRR3953821,BFB-FBI,BFB-INS/DEL,BFB-INS/DEL,-,-,-
SRR3931871,BFB-INS/DEL;BFB-event,-,-,-,BFB-INS/DEL,-
SRR3931879,BFB-INS/DEL,BFB-INS/DEL,BFB-INS/DEL,-,-,-
SRR3953804,BFB-INS/DEL;BFB-event,BFB-INS/DEL,-,-,-,BFB-INS/DEL
SRR3953806,BFB-INS/DEL;BFB-event,-,-,BFB-INS/DEL,BFB-INS/DEL;BFB-event,-
SRR5114925,BFB-INS/DEL;BFB-event,-,-,-,-,-
,N/A,N/A,N/A,N/A,N/A,N/A,N/A,N/A
SRR3987249,-,BFB-INS/DEL;BFB-event,BFB-INS/DEL,BFB-INS/DEL;BFB-event,-,BFB-FBI;BFB-event
SRR3989858,BFB-INS/DEL;BFB-event,BFB-INS/DEL;BFB-event,BFB-INS/DEL,BFB-INS/DEL,-,-
SRR3825122,BFB-INS/DEL,-,BFB-INS/DEL,-,-,-
,N/A,N/A,N/A,N/A,N/A,N/A,N/A,N/A
SRR3825074,-,BFB-INS/DEL,-,-,-,-
SRR3825075,BFB-INS/DEL;BFB-event,-,-,-,BFB-INS/DEL;BFB-event,-
SRR5114985,N/A,N/A,N/A,N/A,N/A,N/A,N/A,N/A
SRR5114986,N/A,N/A,N/A,N/A,N/A,N/A,N/A,N/A
SRR5114961,N/A,N/A,N/A,N/A,N/A,N/A,N/A,N/A
SRR5114962,N/A,N/A,N/A,N/A,N/A,N/A,N/A,N/A
SRR3945492,BFB-INS/DEL,BFB-INS/DEL,-,-,BFB-INS/DEL,-
SRR3945496,BFB-INS/DEL,BFB-INS/DEL;BFB-event,-,-,-,BFB-INS/DEL
SRR3987342,BFB-INS/DEL,-,BFB-INS/DEL,-,-,-
SRR3987347,BFB-INS/DEL;BFB-event,-,BFB-FBI,-,-,BFB-TRX
SRR3928823,BFB-INS/DEL,BFB-INS/DEL,BFB-INS/DEL,BFB-INS/DEL+TRX;BFB-event,BFB-INS/DEL,-
SRR3928826,BFB-INS/DEL;BFB-event,BFB-INS/DEL,-,BFB-FBI,-,-
SRR3761019,BFB-INS/DEL,BFB-INS/DEL,-,-,-,-
SRR3761017,-,BFB-INS/DEL,BFB-INS/DEL,BFB-INS/DEL,-,-
SRR3931872,N/A,N/A,N/A,N/A,N/A,N/A,N/A,N/A
SRR3931860,-,BFB-INS/DEL,BFB-INS/DEL,BFB-INS/DEL,-,-
SRR3987361,-,-,BFB-INS/DEL,-,-,-
SRR3987360,BFB-INS/DEL,BFB-INS/DEL,BFB-INS/DEL,-,-,-
SRR3760982,BFB-INS/DEL,BFB-INS/DEL;BFB-event,-,BFB-INS/DEL,-,BFB-INS/DEL
SRR3760983,BFB-INS/DEL,-,BFB-INS/DEL,BFB-INS/DEL;BFB-event,BFB-INS/DEL;BFB-event,-
,N/A,N/A,N/A,N/A,N/A,N/A,N/A,N/A
,N/A,N/A,N/A,N/A,N/A,N/A,N/A,N/A
SRR3760947,BFB-INS/DEL;BFB-event,BFB-INS/DEL;BFB-event,BFB-INS/DEL,BFB-INS/DEL+TRX,-,BFB-FBI
SRR3760948,BFB-INS/DEL;BFB-event,-,-,-,-,-
SRR3945285,BFB-INS/DEL+TRX;BFB-event,BFB-INS/DEL,-,-,-,-
,N/A,N/A,N/A,N/A,N/A,N/A,N/A,N/A
SRR3761022,BFB-INS/DEL;BFB-event,BFB-INS/DEL,BFB-INS/DEL,BFB-INS/DEL;BFB-event,-,BFB-INS/DEL+TRX;BFB-event
SRR3761023,BFB-INS/DEL,BFB-INS/DEL;BFB-event,BFB-FBI,BFB-INS/DEL,-,BFB-FBI
SRR3760961,BFB-INS/DEL;BFB-event,BFB-INS/DEL,BFB-FBI,BFB-INS/DEL,-,-
SRR3760963,BFB-INS/DEL;BFB-event,BFB-INS/DEL,-,BFB-INS/DEL;BFB-event,-,-
SRR3987228,BFB-INS/DEL;BFB-event,BFB-INS/DEL,-,BFB-INS/DEL;BFB-event,-,-
SRR3987227,BFB-INS/DEL,BFB-INS/DEL,-,-,-,-
SRR3987366,-,BFB-INS/DEL,-,-,-,-
SRR3987368,BFB-INS/DEL;BFB-event,BFB-INS/DEL;BFB-event,-,BFB-INS/DEL;BFB-event,BFB-INS/DEL,-
SRR3760938,BFB-INS/DEL;BFB-event,BFB-INS/DEL,-,BFB-INS/DEL,-,-
SRR3760939,BFB-INS/DEL;BFB-event,BFB-INS/DEL;BFB-event,-,-,-,BFB-FBI;BFB-event
SRR3761003,BFB-INS/DEL;BFB-event,BFB-INS/DEL,BFB-INS/DEL,-,-,-
SRR3761004,BFB-INS/DEL;BFB-event,BFB-INS/DEL,BFB-INS/DEL,-,BFB-INS/DEL,-
SRR3825085,BFB-INS/DEL;BFB-event,BFB-INS/DEL,BFB-INS/DEL,BFB-INS/DEL,-,-
SRR3825087,BFB-INS/DEL;BFB-event,-,-,-,-,-
SRR3949385,BFB-INS/DEL,BFB-INS/DEL,-,-,-,-
SRR3989886,BFB-INS/DEL;BFB-event,-,-,BFB-INS/DEL,-,-
SRR3953745,BFB-INS/DEL,-,-,-,BFB-FBI,BFB-INS/DEL;BFB-event
SRR3945300,N/A,N/A,N/A,N/A,N/A,N/A,N/A,N/A
SRR3989909,BFB-INS/DEL,-,-,-,BFB-INS/DEL;BFB-event,-
SRR3989864,N/A,N/A,N/A,N/A,N/A,N/A,N/A,N/A
SRR3953817,BFB-INS/DEL,BFB-INS/DEL,BFB-INS/DEL,-,-,-
SRR3987257,BFB-INS/DEL,BFB-INS/DEL,-,-,-,BFB-INS/DEL;BFB-event
SRR3928811,BFB-INS/DEL;BFB-event,-,BFB-INS/DEL,-,-,-
SRR3928809,BFB-INS/DEL;BFB-event,-,BFB-INS/DEL,BFB-INS/DEL;BFB-event,BFB-INS/DEL,-
SRR3989884,BFB-FBI,-,BFB-INS/DEL,-,-,-
SRR3989885,BFB-INS/DEL;BFB-event,BFB-INS/DEL;BFB-event,-,-,BFB-FBI,BFB-INS/DEL+TRX
SRR3949417,BFB-INS/DEL;BFB-event,BFB-INS/DEL,-,BFB-INS/DEL+TRX,BFB-INS/DEL;BFB-event,-
SRR3949331,BFB-INS/DEL,BFB-INS/DEL;BFB-event,-,-,BFB-INS/DEL,BFB-INS/DEL;BFB-event
SRR3931853,BFB-INS/DEL;BFB-event,BFB-INS/DEL,BFB-INS/DEL,-,-,-
SRR3953801,BFB-INS/DEL,-,BFB-INS/DEL,-,BFB-INS/DEL,-
SRR3987240,BFB-INS/DEL;BFB-event,-,BFB-INS/DEL,-,BFB-INS/DEL,-
SRR3987239,BFB-INS/DEL,BFB-INS/DEL;BFB-event,BFB-INS/DEL,-,-,BFB-INS/DEL;BFB-event
SRR3825051,BFB-INS/DEL,BFB-INS/DEL;BFB-event,BFB-INS/DEL,BFB-INS/DEL+TRX;BFB-event,-,BFB-INS/DEL;BFB-event
SRR3825056,BFB-INS/DEL,BFB-INS/DEL,BFB-INS/DEL,-,-,-
SRR3953753,BFB-INS/DEL;BFB-event,BFB-INS/DEL,-,-,BFB-INS/DEL,BFB-INS/DEL
SRR3953755,BFB-INS/DEL;BFB-event,BFB-INS/DEL,-,-,-,-
SRR3949374,BFB-INS/DEL,-,BFB-INS/DEL,-,-,-
SRR3949382,BFB-INS/DEL;BFB-event,BFB-INS/DEL,-,-,-,-
SRR3949350,BFB-INS/DEL;BFB-event,-,BFB-INS/DEL,BFB-INS/DEL,-,-
SRR3949352,BFB-FBI,BFB-INS/DEL,-,-,-,-
SRR3945480,BFB-INS/DEL;BFB-event,-,-,-,BFB-FBI,-
SRR3945478,BFB-INS/DEL,BFB-INS/DEL,BFB-INS/DEL,-,BFB-FBI,BFB-INS/DEL+TRX
SRR3987274,BFB-FBI;BFB-event,-,-,-,BFB-FBI,-
SRR3987275,BFB-INS/DEL;BFB-event,-,BFB-INS/DEL,-,-,-
SRR3989880,BFB-INS/DEL;BFB-event,BFB-INS/DEL;BFB-event,BFB-INS/DEL,-,-,-
SRR3989883,BFB-INS/DEL,BFB-INS/DEL;BFB-event,BFB-INS/DEL;BFB-event,-,-,-
SRR3825139,BFB-INS/DEL,BFB-INS/DEL,-,-,-,-
SRR3761032,BFB-FBI,-,-,-,-,BFB-INS/DEL
SRR3987321,BFB-INS/DEL;BFB-event,BFB-INS/DEL,-,-,-,-
SRR3987323,BFB-INS/DEL;BFB-event,BFB-FBI;BFB-event,-,-,-,BFB-INS/DEL
,N/A,N/A,N/A,N/A,N/A,N/A,N/A,N/A
SRR3825130,BFB-INS/DEL;BFB-event,BFB-INS/DEL,BFB-INS/DEL,BFB-INS/DEL,-,-
SRR3945302,N/A,N/A,N/A,N/A,N/A,N/A,N/A,N/A
SRR3945305,N/A,N/A,N/A,N/A,N/A,N/A,N/A,N/A
SRR3953837,BFB-INS/DEL;BFB-event,-,BFB-INS/DEL,-,-,-
SRR3953830,BFB-INS/DEL,BFB-INS/DEL,BFB-INS/DEL,-,-,BFB-FBI
SRR5115012,BFB-INS/DEL,-,BFB-INS/DEL,-,BFB-FBI,BFB-INS/DEL
SRR5115013,BFB-FBI;BFB-event,BFB-INS/DEL,-,-,-,-
SRR5114982,N/A,N/A,N/A,N/A,N/A,N/A,N/A,N/A
SRR5114983,N/A,N/A,N/A,N/A,N/A,N/A,N/A,N/A
SRR3825113,BFB-INS/DEL,-,BFB-INS/DEL,-,-,-
SRR3825133,BFB-INS/DEL,BFB-FBI;BFB-event,BFB-INS/DEL,-,-,-
SRR3989871,BFB-FBI,BFB-INS/DEL,-,-,-,-
SRR3949359,BFB-INS/DEL;BFB-event,BFB-INS/DEL,-,-,-,BFB-INS/DEL;BFB-event
SRR3945474,-,BFB-INS/DEL,-,-,BFB-FBI;BFB-event,-
SRR3945481,BFB-INS/DEL;BFB-event,BFB-INS/DEL,BFB-INS/DEL,BFB-INS/DEL+TRX,-,BFB-INS/DEL;BFB-event
SRR3928833,BFB-INS/DEL;BFB-event,-,BFB-INS/DEL,BFB-INS/DEL,BFB-INS/DEL;BFB-event,BFB-INS/DEL
SRR3928852,BFB-FBI,BFB-INS/DEL;BFB-event,-,-,-,-
SRR3987319,BFB-FBI,BFB-INS/DEL,BFB-INS/DEL,-,-,-
SRR3953838,BFB-INS/DEL,BFB-INS/DEL,BFB-INS/DEL,-,-,-
SRR3949326,BFB-INS/DEL;BFB-event,-,BFB-INS/DEL,-,-,BFB-FBI;BFB-event
SRR3949321,BFB-FBI,BFB-INS/DEL,-,-,-,-
SRR3989828,BFB-INS/DEL;BFB-event,BFB-INS/DEL,BFB-INS/DEL,-,-,-
SRR3989827,BFB-FBI,BFB-INS/DEL,-,-,-,-
SRR3945304,N/A,N/A,N/A,N/A,N/A,N/A,N/A,N/A
SRR3945307,N/A,N/A,N/A,N/A,N/A,N/A,N/A,N/A
SRR3949327,BFB-INS/DEL,-,-,-,BFB-FBI,-
SRR3949421,BFB-INS/DEL;BFB-event,BFB-INS/DEL,-,-,-,-
SRR3928896,BFB-FBI;BFB-event,BFB-INS/DEL;BFB-event,-,BFB-INS/DEL;BFB-event,-,-
SRR3928884,BFB-INS/DEL;BFB-event,BFB-INS/DEL,-,-,BFB-INS/DEL,BFB-INS/DEL
SRR3989825,BFB-INS/DEL;BFB-event,BFB-INS/DEL,-,-,BFB-INS/DEL;BFB-event,-
SRR3989848,BFB-INS/DEL;BFB-event,-,BFB-INS/DEL,-,BFB-INS/DEL,-
SRR3953834,BFB-INS/DEL;BFB-event,BFB-INS/DEL,-,-,-,-
SRR3953825,BFB-FBI,BFB-INS/DEL,BFB-INS/DEL,-,-,-
SRR3949398,-,BFB-INS/DEL;BFB-event,-,-,-,-
SRR3989896,BFB-INS/DEL,BFB-INS/DEL,BFB-INS/DEL,-,-,-
SRR3953724,BFB-INS/DEL;BFB-event,BFB-INS/DEL;BFB-event,-,-,-,-
SRR3987225,BFB-FBI,BFB-INS/DEL,-,-,BFB-INS/DEL,-
SRR3949354,BFB-FBI,BFB-INS/DEL;BFB-event,BFB-INS/DEL,BFB-FBI;BFB-event,-,-
SRR3949413,BFB-INS/DEL;BFB-event,BFB-INS/DEL,BFB-INS/DEL,-,-,-
SRR3928869,BFB-INS/DEL,-,-,-,-,-
SRR3928865,BFB-INS/DEL;BFB-event,BFB-INS/DEL,-,-,-,-
SRR3825128,BFB-INS/DEL;BFB-event,BFB-INS/DEL,-,-,BFB-FBI,BFB-INS/DEL
SRR3825127,BFB-FBI,BFB-INS/DEL,BFB-INS/DEL,-,-,-
SRR3945289,BFB-INS/DEL;BFB-event,BFB-INS/DEL,BFB-INS/DEL,-,-,-
SRR3945292,BFB-INS/DEL;BFB-event,BFB-INS/DEL;BFB-event,-,BFB-INS/DEL+TRX,BFB-INS/DEL,-
SRR3949360,BFB-INS/DEL;BFB-event,-,BFB-FBI,-,-,-
SRR3949348,BFB-INS/DEL;BFB-event,BFB-INS/DEL,BFB-INS/DEL,-,-,-
SRR3989868,BFB-INS/DEL;BFB-event,-,BFB-FBI,-,-,-
SRR3989867,N/A,N/A,N/A,N/A,N/A,N/A,N/A,N/A
SRR3987245,-,-,-,-,-,BFB-INS/DEL+TRX;BFB-event
SRR3987247,BFB-FBI,BFB-INS/DEL,BFB-INS/DEL,-,-,BFB-INS/DEL;BFB-event
SRR3945471,BFB-INS/DEL,BFB-INS/DEL,-,-,-,-
SRR3945472,-,-,-,-,BFB-INS/DEL,-
SRR3989832,BFB-INS/DEL;BFB-event,BFB-INS/DEL;BFB-event,BFB-INS/DEL,-,-,BFB-INS/DEL
SRR3989833,BFB-INS/DEL,-,-,-,-,-
SRR3989817,BFB-FBI,BFB-INS/DEL,BFB-INS/DEL,BFB-INS/DEL,-,-
,N/A,N/A,N/A,N/A,N/A,N/A,N/A,N/A
SRR3928877,BFB-INS/DEL;BFB-event,BFB-FBI,-,-,-,-
SRR3928854,BFB-INS/DEL;BFB-event,BFB-INS/DEL;BFB-event,-,-,-,-
SRR3945338,BFB-INS/DEL+TRX,BFB-FBI;BFB-event,-,-,-,-
SRR3945337,BFB-INS/DEL;BFB-event,BFB-INS/DEL;BFB-event,-,-,-,BFB-INS/DEL
SRR3987233,BFB-INS/DEL;BFB-event,BFB-INS/DEL;BFB-event,BFB-INS/DEL,BFB-INS/DEL,-,BFB-INS/DEL
SRR3987265,BFB-INS/DEL,-,BFB-INS/DEL,-,-,-
SRR3989843,BFB-INS/DEL;BFB-event,BFB-INS/DEL,-,-,-,-
SRR3989841,BFB-INS/DEL;BFB-event,-,BFB-INS/DEL,-,BFB-INS/DEL,-
SRR3825057,BFB-INS/DEL;BFB-event,BFB-INS/DEL;BFB-event,BFB-INS/DEL,BFB-INS/DEL,-,-
SRR3760974,BFB-INS/DEL;BFB-event,BFB-INS/DEL,-,-,-,-
SRR3989874,-,-,-,-,-,-
SRR3989872,BFB-FBI,-,BFB-INS/DEL,-,-,-
SRR3825102,BFB-INS/DEL;BFB-event,BFB-INS/DEL,BFB-FBI,-,-,BFB-INS/DEL
SRR3825103,-,-,BFB-INS/DEL,-,-,-
SRR3953771,BFB-INS/DEL,BFB-INS/DEL,BFB-INS/DEL,-,-,-
SRR3953776,BFB-INS/DEL;BFB-event,BFB-FBI,BFB-INS/DEL,-,BFB-INS/DEL,BFB-INS/DEL
SRR3928817,BFB-INS/DEL;BFB-event,-,BFB-INS/DEL,BFB-INS/DEL+TRX,BFB-INS/DEL,-
SRR3928816,BFB-FBI;BFB-event,-,BFB-INS/DEL,-,BFB-INS/DEL+TRX,-
SRR3987231,BFB-INS/DEL;BFB-event,BFB-INS/DEL,BFB-INS/DEL,-,-,-
SRR3953741,BFB-FBI;BFB-event,-,-,-,BFB-INS/DEL,-
SRR3945344,BFB-INS/DEL;BFB-event,BFB-INS/DEL,BFB-INS/DEL,-,BFB-INS/DEL,-
SRR3945345,BFB-INS/DEL;BFB-event,BFB-INS/DEL,-,-,BFB-INS/DEL,BFB-INS/DEL+TRX;BFB-event
SRR5115024,BFB-INS/DEL;BFB-event,-,-,BFB-INS/DEL,-,-
SRR5115025,BFB-INS/DEL;BFB-event,BFB-FBI;BFB-event,-,-,BFB-INS/DEL,BFB-INS/DEL
SRR3953719,BFB-INS/DEL;BFB-event,BFB-INS/DEL,BFB-INS/DEL,BFB-INS/DEL;BFB-event,-,-
SRR3953727,BFB-INS/DEL;BFB-event,BFB-INS/DEL,BFB-INS/DEL,BFB-INS/DEL,-,BFB-FBI
SRR3987224,BFB-INS/DEL;BFB-event,BFB-INS/DEL;BFB-event,-,-,-,-
SRR3987229,BFB-INS/DEL,BFB-INS/DEL;BFB-event,-,-,-,-
SRR3761009,BFB-INS/DEL,BFB-INS/DEL,BFB-INS/DEL,-,BFB-INS/DEL,-
SRR3761010,BFB-INS/DEL,BFB-INS/DEL,BFB-INS/DEL,-,-,-
SRR3945490,BFB-INS/DEL,-,BFB-INS/DEL,BFB-INS/DEL,-,-
SRR3931777,BFB-FBI,BFB-INS/DEL,-,BFB-INS/DEL,BFB-FBI,-
SRR3928840,-,BFB-INS/DEL,-,-,-,-
SRR3928836,N/A,N/A,N/A,N/A,N/A,N/A,N/A,N/A
SRR5115054,BFB-INS/DEL,BFB-INS/DEL;BFB-event,-,-,-,-
SRR5115055,BFB-FBI,-,-,BFB-INS/DEL;BFB-event,-,BFB-INS/DEL
SRR5115048,BFB-INS/DEL;BFB-event,BFB-INS/DEL,BFB-INS/DEL,BFB-FBI;BFB-event,-,-
SRR5115049,BFB-INS/DEL;BFB-event,-,-,-,-,-
SRR3928832,-,BFB-INS/DEL,BFB-INS/DEL,-,BFB-INS/DEL,-
SRR3928886,BFB-INS/DEL,BFB-INS/DEL,BFB-INS/DEL,-,-,-
SRR3953763,BFB-FBI;BFB-event,BFB-INS/DEL,-,BFB-INS/DEL,BFB-INS/DEL,-
SRR3953760,BFB-FBI;BFB-event,-,BFB-INS/DEL,BFB-INS/DEL,-,-
SRR3931832,BFB-INS/DEL;BFB-event,BFB-INS/DEL;BFB-event,BFB-INS/DEL,-,-,-
SRR3931823,BFB-INS/DEL;BFB-event,BFB-INS/DEL,-,BFB-INS/DEL;BFB-event,-,-
SRR3931795,BFB-INS/DEL,BFB-INS/DEL,-,BFB-INS/DEL,BFB-FBI,BFB-INS/DEL
SRR3931824,BFB-INS/DEL;BFB-event,-,-,-,-,-
SRR3931772,BFB-INS/DEL;BFB-event,BFB-INS/DEL,-,-,-,-
SRR3931742,BFB-INS/DEL,BFB-INS/DEL,BFB-INS/DEL,-,-,-
SRR3825082,BFB-INS/DEL,BFB-INS/DEL,BFB-INS/DEL,-,BFB-FBI,BFB-FBI
SRR3825080,BFB-FBI;BFB-event,BFB-INS/DEL,-,-,-,BFB-INS/DEL
SRR3825097,BFB-INS/DEL;BFB-event,BFB-INS/DEL,BFB-INS/DEL,-,BFB-INS/DEL,-
SRR3825099,BFB-INS/DEL;BFB-event,-,BFB-INS/DEL,-,BFB-FBI;BFB-event,-
SRR3931852,BFB-INS/DEL;BFB-event,BFB-INS/DEL,-,-,-,-
SRR3931841,BFB-INS/DEL;BFB-event,BFB-INS/DEL,-,-,BFB-FBI,-
SRR3931847,BFB-INS/DEL,BFB-INS/DEL,-,-,-,-
SRR3931842,BFB-INS/DEL,-,-,-,BFB-INS/DEL+TRX,-
SRR3945348,BFB-INS/DEL,BFB-INS/DEL,BFB-INS/DEL,BFB-INS/DEL;BFB-event,-,-
SRR3945347,BFB-INS/DEL;BFB-event,BFB-INS/DEL,BFB-INS/DEL,-,BFB-INS/DEL+TRX,-
SRR3931818,BFB-INS/DEL,BFB-INS/DEL,BFB-INS/DEL+TRX,BFB-INS/DEL,-,-
SRR3931810,BFB-INS/DEL,BFB-INS/DEL,-,-,BFB-FBI,-
SRR3953803,BFB-INS/DEL;BFB-event,BFB-INS/DEL,-,BFB-INS/DEL,-,-
SRR3953807,BFB-INS/DEL;BFB-event,BFB-INS/DEL;BFB-event,-,-,BFB-INS/DEL;BFB-event,-
SRR3928818,BFB-FBI,BFB-INS/DEL,BFB-INS/DEL,BFB-INS/DEL,-,-
SRR3928820,BFB-INS/DEL;BFB-event,BFB-INS/DEL,-,BFB-INS/DEL+TRX;BFB-event,-,-
SRR3825146,BFB-INS/DEL;BFB-event,BFB-INS/DEL;BFB-event,BFB-INS/DEL,BFB-INS/DEL,-,-
SRR3825144,BFB-INS/DEL;BFB-event,BFB-INS/DEL,BFB-INS/DEL,-,-,-
,N/A,N/A,N/A,N/A,N/A,N/A,N/A,N/A
,N/A,N/A,N/A,N/A,N/A,N/A,N/A,N/A
SRR3760980,BFB-INS/DEL;BFB-event,BFB-INS/DEL,-,-,-,BFB-INS/DEL
SRR3760984,BFB-INS/DEL+TRX;BFB-event,-,-,-,-,BFB-INS/DEL
SRR3945318,N/A,N/A,N/A,N/A,N/A,N/A,N/A,N/A
SRR3945320,BFB-INS/DEL;BFB-event,-,BFB-INS/DEL,-,BFB-INS/DEL,-
SRR3761006,BFB-INS/DEL;BFB-event,BFB-INS/DEL;BFB-event,BFB-INS/DEL,-,-,-
SRR3761021,BFB-INS/DEL,BFB-INS/DEL,-,-,-,BFB-INS/DEL
SRR3953735,BFB-INS/DEL;BFB-event,BFB-INS/DEL;BFB-event,BFB-INS/DEL,BFB-INS/DEL;BFB-event,-,-
SRR3987232,BFB-INS/DEL;BFB-event,BFB-INS/DEL,BFB-INS/DEL,-,-,BFB-INS/DEL;BFB-event
SRR3987359,BFB-INS/DEL;BFB-event,BFB-INS/DEL,-,-,-,BFB-INS/DEL
SRR3987358,BFB-INS/DEL,BFB-INS/DEL,BFB-INS/DEL,-,-,-
SRR3945328,BFB-INS/DEL,-,-,-,-,-
SRR3945330,BFB-INS/DEL;BFB-event,-,-,-,-,-
SRR3825072,BFB-FBI;BFB-event,BFB-INS/DEL,BFB-INS/DEL,-,-,-
SRR3825070,-,-,-,-,-,-
SRR3953740,BFB-INS/DEL,BFB-INS/DEL,BFB-INS/DEL,BFB-INS/DEL;BFB-event,-,BFB-INS/DEL+TRX
SRR3953742,-,-,BFB-INS/DEL,BFB-FBI,-,-
SRR3949363,BFB-INS/DEL;BFB-event,BFB-INS/DEL,BFB-INS/DEL,-,-,BFB-INS/DEL;BFB-event
SRR3949361,BFB-INS/DEL,BFB-INS/DEL,BFB-INS/DEL,-,-,BFB-INS/DEL;BFB-event
SRR3949366,BFB-INS/DEL+TRX;BFB-event,BFB-INS/DEL,BFB-INS/DEL,-,-,-
SRR3949419,BFB-INS/DEL;BFB-event,BFB-INS/DEL,BFB-INS/DEL,-,-,-
SRR3825054,BFB-INS/DEL+TRX,BFB-INS/DEL,BFB-INS/DEL,-,BFB-INS/DEL+TRX,BFB-INS/DEL
SRR3825052,BFB-INS/DEL,BFB-INS/DEL;BFB-event,BFB-INS/DEL,-,-,-
SRR3949344,BFB-INS/DEL,BFB-INS/DEL,-,-,BFB-INS/DEL,BFB-INS/DEL
SRR3987320,-,-,-,BFB-INS/DEL,-,-
SRR3987269,BFB-INS/DEL,BFB-INS/DEL;BFB-event,-,-,-,-
SRR3987271,BFB-INS/DEL;BFB-event,BFB-INS/DEL;BFB-event,BFB-INS/DEL,-,-,-
SRR3928885,BFB-INS/DEL;BFB-event,BFB-INS/DEL;BFB-event,-,BFB-INS/DEL,BFB-FBI,-
SRR3928895,BFB-INS/DEL,BFB-INS/DEL,-,-,-,-
SRR3987254,BFB-INS/DEL;BFB-event,-,BFB-INS/DEL,-,-,-
SRR3987252,BFB-INS/DEL,BFB-INS/DEL,-,-,-,-
SRR3953831,BFB-INS/DEL;BFB-event,BFB-INS/DEL;BFB-event,BFB-INS/DEL,-,-,BFB-INS/DEL
SRR3987267,BFB-INS/DEL;BFB-event,BFB-INS/DEL;BFB-event,BFB-FBI,BFB-INS/DEL,-,-
SRR3931820,BFB-INS/DEL,BFB-INS/DEL,-,-,-,BFB-INS/DEL
SRR3945281,BFB-INS/DEL;BFB-event,BFB-INS/DEL;BFB-event,BFB-INS/DEL,-,-,-
SRR3945473,BFB-INS/DEL;BFB-event,BFB-FBI;BFB-event,-,-,BFB-INS/DEL,-
,N/A,N/A,N/A,N/A,N/A,N/A,N/A,N/A
SRR3931874,BFB-INS/DEL;BFB-event,BFB-INS/DEL;BFB-event,BFB-FBI,BFB-INS/DEL+TRX;BFB-event,-,-
SRR3931855,BFB-INS/DEL,-,-,BFB-INS/DEL;BFB-event,-,BFB-INS/DEL
SRR3931758,BFB-INS/DEL;BFB-event,BFB-INS/DEL,BFB-INS/DEL,-,BFB-INS/DEL,-
SRR3931766,BFB-INS/DEL;BFB-event,BFB-INS/DEL,BFB-INS/DEL,-,-,-
SRR5114967,N/A,N/A,N/A,N/A,N/A,N/A,N/A,N/A
SRR5114968,N/A,N/A,N/A,N/A,N/A,N/A,N/A,N/A
SRR3949386,BFB-FBI,BFB-FBI;BFB-event,-,BFB-INS/DEL,-,-
SRR3949376,BFB-INS/DEL;BFB-event,BFB-INS/DEL;BFB-event,-,-,-,-
SRR3931849,BFB-FBI;BFB-event,BFB-INS/DEL,-,BFB-INS/DEL;BFB-event,-,-
SRR3931836,BFB-INS/DEL;BFB-event,-,-,-,-,-
SRR3949393,BFB-INS/DEL;BFB-event,BFB-INS/DEL,-,-,BFB-INS/DEL,-
SRR3949399,BFB-INS/DEL,BFB-INS/DEL;BFB-event,BFB-INS/DEL+TRX,-,-,-
SRR3931881,BFB-INS/DEL;BFB-event,BFB-INS/DEL;BFB-event,-,BFB-INS/DEL;BFB-event,BFB-FBI,-
SRR3931863,BFB-INS/DEL;BFB-event,BFB-INS/DEL,-,-,BFB-INS/DEL,-
SRR3987370,BFB-INS/DEL;BFB-event,BFB-INS/DEL;BFB-event,-,-,-,-
SRR3987371,BFB-INS/DEL,BFB-INS/DEL,-,-,BFB-INS/DEL+TRX,-
SRR3989870,BFB-INS/DEL;BFB-event,-,BFB-INS/DEL,-,-,-
SRR3989842,BFB-INS/DEL;BFB-event,BFB-INS/DEL,-,-,-,-
SRR3931750,BFB-INS/DEL;BFB-event,BFB-INS/DEL;BFB-event,-,-,-,-
SRR3931746,BFB-INS/DEL;BFB-event,-,BFB-INS/DEL,-,BFB-INS/DEL,-
SRR3953793,BFB-FBI,-,-,-,-,-
SRR3953794,BFB-INS/DEL;BFB-event,-,-,-,-,BFB-INS/DEL
SRR3945351,BFB-INS/DEL;BFB-event,BFB-INS/DEL,BFB-INS/DEL,-,-,-
SRR3945350,BFB-INS/DEL;BFB-event,-,BFB-INS/DEL,-,BFB-INS/DEL,BFB-INS/DEL
SRR3949355,BFB-INS/DEL;BFB-event,BFB-INS/DEL;BFB-event,BFB-INS/DEL,BFB-INS/DEL;BFB-event,BFB-INS/DEL+TRX,-
SRR3949353,BFB-INS/DEL;BFB-event,BFB-INS/DEL;BFB-event,-,-,-,-
SRR3953824,BFB-INS/DEL,BFB-INS/DEL,BFB-INS/DEL,-,-,-
SRR3953839,BFB-INS/DEL;BFB-event,-,BFB-INS/DEL,-,BFB-FBI;BFB-event,BFB-INS/DEL
SRR5115045,-,-,-,-,-,-
SRR5115046,BFB-INS/DEL;BFB-event,BFB-INS/DEL,BFB-INS/DEL,BFB-INS/DEL,-,-
SRR3928861,BFB-INS/DEL;BFB-event,-,BFB-INS/DEL,-,BFB-FBI,-
SRR3928864,BFB-INS/DEL,-,-,-,-,-
,N/A,N/A,N/A,N/A,N/A,N/A,N/A,N/A
,N/A,N/A,N/A,N/A,N/A,N/A,N/A,N/A
SRR3825101,BFB-INS/DEL,BFB-INS/DEL,-,BFB-INS/DEL+TRX;BFB-event,-,-
SRR3931807,BFB-INS/DEL,-,BFB-INS/DEL,-,-,-
SRR3945346,BFB-INS/DEL;BFB-event,-,BFB-FBI,-,-,-
SRR3945475,BFB-INS/DEL;BFB-event,-,-,-,BFB-INS/DEL,-
SRR3989834,BFB-INS/DEL,-,BFB-INS/DEL,-,-,-
SRR3989835,BFB-INS/DEL;BFB-event,-,BFB-INS/DEL,BFB-INS/DEL,-,-
SRR3945482,BFB-INS/DEL;BFB-event,BFB-INS/DEL,-,BFB-FBI;BFB-event,BFB-INS/DEL,-
SRR3945483,BFB-INS/DEL;BFB-event,BFB-INS/DEL,BFB-INS/DEL,-,BFB-INS/DEL;BFB-event,-
,N/A,N/A,N/A,N/A,N/A,N/A,N/A,N/A
,N/A,N/A,N/A,N/A,N/A,N/A,N/A,N/A
SRR3928882,BFB-INS/DEL,BFB-INS/DEL,BFB-INS/DEL,-,-,-
SRR3928880,BFB-INS/DEL;BFB-event,BFB-INS/DEL,BFB-INS/DEL,-,-,-
SRR3760979,BFB-INS/DEL;BFB-event,BFB-INS/DEL,BFB-INS/DEL,-,-,-
SRR3760981,BFB-FBI;BFB-event,BFB-INS/DEL,-,BFB-INS/DEL,-,-
SRR3931753,BFB-INS/DEL;BFB-event,-,BFB-INS/DEL,-,-,-
SRR3931769,-,-,-,-,-,-
SRR3949428,BFB-FBI,BFB-INS/DEL,-,-,BFB-FBI,-
SRR3949420,BFB-INS/DEL,-,-,-,-,-
SRR3949392,BFB-INS/DEL;BFB-event,BFB-INS/DEL;BFB-event,-,-,BFB-FBI;BFB-event,-
SRR3949388,BFB-INS/DEL,-,BFB-INS/DEL,-,-,-
SRR3825078,BFB-FBI;BFB-event,-,-,BFB-FBI;BFB-event,-,BFB-INS/DEL
SRR3825077,BFB-INS/DEL;BFB-event,BFB-INS/DEL,BFB-INS/DEL+TRX,BFB-INS/DEL;BFB-event,BFB-FBI;BFB-event,BFB-INS/DEL;BFB-event
SRR3928848,BFB-INS/DEL,BFB-INS/DEL;BFB-event,-,-,BFB-FBI,BFB-INS/DEL
SRR3928858,BFB-INS/DEL;BFB-event,BFB-INS/DEL,BFB-INS/DEL,-,-,BFB-INS/DEL
SRR3928845,BFB-INS/DEL+TRX;BFB-event,-,BFB-INS/DEL,BFB-INS/DEL,-,-
SRR3928837,BFB-INS/DEL;BFB-event,BFB-INS/DEL,-,-,-,-
SRR3931738,BFB-INS/DEL;BFB-event,BFB-INS/DEL;BFB-event,BFB-INS/DEL,BFB-INS/DEL,BFB-FBI,-
SRR3931739,BFB-INS/DEL;BFB-event,-,-,-,-,-
SRR3931780,-,-,-,-,-,-
SRR3825104,BFB-FBI,-,BFB-INS/DEL,BFB-INS/DEL,BFB-INS/DEL,-
SRR3825065,BFB-INS/DEL,-,BFB-INS/DEL,BFB-INS/DEL,-,-
SRR3825066,BFB-INS/DEL;BFB-event,-,-,BFB-INS/DEL,BFB-INS/DEL,-
SRR3928881,BFB-FBI,-,BFB-INS/DEL,-,-,-
SRR3928874,BFB-INS/DEL;BFB-event,-,BFB-INS/DEL,BFB-INS/DEL;BFB-event,-,-
SRR3945286,BFB-INS/DEL;BFB-event,BFB-FBI,-,-,-,-
SRR3945283,BFB-INS/DEL;BFB-event,BFB-FBI,BFB-INS/DEL,-,BFB-INS/DEL,-
SRR3760991,BFB-INS/DEL;BFB-event,BFB-INS/DEL,-,-,-,-
SRR3760992,BFB-FBI,BFB-INS/DEL,BFB-INS/DEL,-,-,-
SRR3825092,BFB-INS/DEL;BFB-event,BFB-INS/DEL,BFB-INS/DEL,BFB-INS/DEL,-,-
SRR3825091,BFB-FBI,-,BFB-INS/DEL,-,-,-
SRR3989849,-,-,BFB-INS/DEL,-,-,-
SRR3989846,BFB-INS/DEL,-,BFB-INS/DEL,-,-,-
SRR3760988,BFB-INS/DEL,-,BFB-INS/DEL+TRX,-,BFB-INS/DEL;BFB-event,-
SRR3761012,BFB-INS/DEL;BFB-event,-,-,-,BFB-FBI,BFB-FBI
SRR5114976,N/A,N/A,N/A,N/A,N/A,N/A,N/A,N/A
SRR5114977,N/A,N/A,N/A,N/A,N/A,N/A,N/A,N/A
SRR3945323,BFB-INS/DEL,BFB-INS/DEL;BFB-event,BFB-INS/DEL,-,-,-
SRR3945325,BFB-INS/DEL;BFB-event,BFB-INS/DEL,-,-,BFB-INS/DEL;BFB-event,-
SRR3953781,BFB-INS/DEL;BFB-event,BFB-INS/DEL;BFB-event,BFB-INS/DEL,-,BFB-FBI,BFB-INS/DEL
SRR3953788,BFB-INS/DEL;BFB-event,BFB-INS/DEL,BFB-INS/DEL,-,BFB-INS/DEL,-
SRR5114991,N/A,N/A,N/A,N/A,N/A,N/A,N/A,N/A
SRR5114992,N/A,N/A,N/A,N/A,N/A,N/A,N/A,N/A
SRR3761016,BFB-INS/DEL;BFB-event,BFB-INS/DEL,-,-,BFB-FBI,-
SRR3761018,BFB-INS/DEL,BFB-FBI,-,-,BFB-INS/DEL,-
SRR3989855,BFB-INS/DEL,BFB-INS/DEL,BFB-INS/DEL,-,-,-
SRR3989857,BFB-INS/DEL;BFB-event,-,-,-,-,-
SRR3931762,BFB-INS/DEL;BFB-event,BFB-INS/DEL,BFB-INS/DEL,-,BFB-INS/DEL,-
SRR3931760,BFB-INS/DEL;BFB-event,-,-,-,BFB-INS/DEL+TRX,-
SRR3989837,BFB-INS/DEL,BFB-INS/DEL,BFB-FBI,BFB-INS/DEL+TRX,BFB-INS/DEL+TRX,-
SRR3989838,BFB-INS/DEL;BFB-event,BFB-INS/DEL,BFB-INS/DEL,BFB-INS/DEL+TRX;BFB-event,-,-
SRR3825119,BFB-INS/DEL;BFB-event,BFB-INS/DEL,-,BFB-INS/DEL,-,BFB-FBI
SRR3825135,BFB-INS/DEL;BFB-event,-,BFB-INS/DEL,BFB-INS/DEL+TRX,-,BFB-FBI;BFB-event
SRR3987260,BFB-INS/DEL,-,BFB-INS/DEL,-,-,-
SRR3987261,BFB-INS/DEL,BFB-INS/DEL,-,-,BFB-FBI,-
SRR3931844,BFB-INS/DEL,-,BFB-FBI,-,-,BFB-INS/DEL
SRR3931839,BFB-INS/DEL,BFB-INS/DEL,-,-,BFB-FBI;BFB-event,-
SRR3825095,BFB-INS/DEL;BFB-event,BFB-INS/DEL;BFB-event,-,-,-,BFB-INS/DEL
SRR3931768,BFB-INS/DEL;BFB-event,BFB-INS/DEL,BFB-INS/DEL+TRX,BFB-INS/DEL;BFB-event,-,-
SRR3953708,BFB-INS/DEL;BFB-event,BFB-INS/DEL+TRX,BFB-INS/DEL,BFB-INS/DEL,-,BFB-TRX
SRR3953713,BFB-FBI,-,BFB-INS/DEL,BFB-INS/DEL;BFB-event,-,BFB-FBI
SRR3953797,BFB-INS/DEL;BFB-event,-,-,-,-,BFB-INS/DEL+TRX
SRR3953795,BFB-INS/DEL,BFB-INS/DEL,BFB-INS/DEL,-,-,-
SRR3825124,BFB-INS/DEL,BFB-INS/DEL;BFB-event,BFB-INS/DEL+TRX,-,BFB-INS/DEL+TRX,-
SRR3825055,BFB-INS/DEL;BFB-event,-,BFB-INS/DEL,-,BFB-INS/DEL,-
SRR3987246,BFB-INS/DEL;BFB-event,BFB-INS/DEL;BFB-event,BFB-INS/DEL,-,-,BFB-INS/DEL
SRR3987243,BFB-INS/DEL,-,-,BFB-INS/DEL,-,-
SRR3987236,BFB-INS/DEL;BFB-event,-,BFB-INS/DEL,-,BFB-INS/DEL,BFB-INS/DEL
SRR3987235,BFB-INS/DEL,BFB-INS/DEL;BFB-event,BFB-FBI,BFB-INS/DEL;BFB-event,-,-
SRR3760958,BFB-INS/DEL;BFB-event,BFB-INS/DEL;BFB-event,-,BFB-INS/DEL,-,BFB-INS/DEL
SRR3760959,BFB-INS/DEL,-,-,-,-,-
SRR5115027,BFB-INS/DEL,-,BFB-INS/DEL,-,-,BFB-INS/DEL
SRR5115028,BFB-INS/DEL;BFB-event,BFB-INS/DEL,BFB-INS/DEL,-,-,-
SRR3987350,BFB-INS/DEL+TRX,BFB-INS/DEL,-,-,-,-
SRR3987353,BFB-FBI;BFB-event,BFB-INS/DEL,BFB-INS/DEL,-,-,BFB-INS/DEL
SRR3945322,BFB-FBI;BFB-event,BFB-FBI;BFB-event,-,-,-,-
SRR3945321,BFB-INS/DEL,BFB-INS/DEL,-,-,-,BFB-INS/DEL
SRR3761007,BFB-INS/DEL,BFB-INS/DEL,-,-,-,-
SRR3761008,BFB-INS/DEL;BFB-event,BFB-INS/DEL,BFB-INS/DEL,BFB-INS/DEL+TRX;BFB-event,-,-
SRR3945339,-,-,-,-,-,-
SRR3945340,BFB-FBI;BFB-event,BFB-INS/DEL;BFB-event,BFB-INS/DEL,-,-,BFB-INS/DEL
SRR3989894,BFB-INS/DEL+TRX,BFB-INS/DEL;BFB-event,-,-,BFB-INS/DEL,-
SRR3989890,BFB-INS/DEL;BFB-event,-,-,-,-,-
SRR3931757,BFB-INS/DEL;BFB-event,-,BFB-INS/DEL,-,-,-
SRR3931770,BFB-INS/DEL,BFB-INS/DEL,-,-,-,-
SRR3825089,BFB-FBI;BFB-event,BFB-INS/DEL,-,-,-,BFB-INS/DEL;BFB-event
SRR3825090,BFB-INS/DEL;BFB-event,-,-,-,-,BFB-FBI
SRR3825067,BFB-INS/DEL;BFB-event,BFB-INS/DEL,BFB-FBI;BFB-event,-,BFB-FBI,BFB-FBI;BFB-event
SRR3825063,BFB-INS/DEL;BFB-event,-,BFB-INS/DEL,BFB-INS/DEL;BFB-event,BFB-INS/DEL,-
SRR3953752,BFB-INS/DEL;BFB-event,-,BFB-FBI,-,-,-
SRR3928825,-,BFB-INS/DEL;BFB-event,-,-,-,-
SRR5115036,BFB-INS/DEL;BFB-event,BFB-INS/DEL,-,-,-,-
SRR5115037,BFB-INS/DEL;BFB-event,-,-,-,BFB-INS/DEL,-
SRR3987263,BFB-INS/DEL,-,BFB-INS/DEL,-,-,-
SRR3987262,BFB-INS/DEL,-,BFB-INS/DEL,-,-,-
SRR3928844,BFB-FBI,BFB-INS/DEL,BFB-INS/DEL,-,-,-
SRR3928846,BFB-INS/DEL;BFB-event,-,BFB-FBI,-,-,-
SRR3760986,BFB-INS/DEL,-,BFB-INS/DEL,-,-,-
SRR3760999,BFB-INS/DEL;BFB-event,-,BFB-INS/DEL,-,-,-
SRR5115003,-,BFB-INS/DEL;BFB-event,BFB-INS/DEL,-,-,BFB-INS/DEL
SRR5115004,BFB-INS/DEL;BFB-event,-,-,-,-,BFB-INS/DEL
,N/A,N/A,N/A,N/A,N/A,N/A,N/A,N/A
,N/A,N/A,N/A,N/A,N/A,N/A,N/A,N/A
SRR3945295,N/A,N/A,N/A,N/A,N/A,N/A,N/A,N/A
SRR3945290,BFB-INS/DEL,BFB-INS/DEL,-,-,-,-
SRR5115000,BFB-INS/DEL,BFB-INS/DEL,BFB-INS/DEL,BFB-INS/DEL;BFB-event,-,BFB-FBI
SRR5115001,BFB-FBI,-,-,-,-,-
SRR3825061,BFB-INS/DEL;BFB-event,-,BFB-INS/DEL,-,-,-
SRR3825073,BFB-FBI;BFB-event,-,BFB-INS/DEL,BFB-FBI,BFB-FBI,BFB-INS/DEL+TRX;BFB-event
SRR3825109,BFB-INS/DEL,-,BFB-INS/DEL,-,BFB-FBI,-
SRR3761014,BFB-INS/DEL;BFB-event,BFB-INS/DEL,BFB-INS/DEL,BFB-INS/DEL,-,BFB-INS/DEL+TRX
SRR5114964,BFB-INS/DEL,-,-,BFB-INS/DEL;BFB-event,BFB-FBI,-
SRR5114965,BFB-INS/DEL;BFB-event,-,-,-,-,-
SRR3987318,-,BFB-INS/DEL,-,-,-,-
SRR3987317,BFB-INS/DEL,BFB-INS/DEL,BFB-INS/DEL,-,-,-
SRR5114979,N/A,N/A,N/A,N/A,N/A,N/A,N/A,N/A
SRR5114980,N/A,N/A,N/A,N/A,N/A,N/A,N/A,N/A
SRR3928887,BFB-INS/DEL,-,-,-,BFB-INS/DEL,-
SRR3928883,BFB-INS/DEL;BFB-event,-,BFB-INS/DEL,-,BFB-INS/DEL,-
SRR3928815,BFB-INS/DEL+TRX;BFB-event,BFB-INS/DEL,BFB-FBI,-,-,-
SRR3928808,BFB-INS/DEL;BFB-event,-,-,BFB-INS/DEL,BFB-INS/DEL,BFB-INS/DEL;BFB-event
SRR3928805,BFB-INS/DEL;BFB-event,-,BFB-INS/DEL,BFB-INS/DEL;BFB-event,-,-
SRR3928806,BFB-INS/DEL,BFB-INS/DEL,-,BFB-INS/DEL;BFB-event,-,BFB-INS/DEL
SRR3760967,-,-,BFB-INS/DEL,-,BFB-INS/DEL,-
SRR3760969,BFB-INS/DEL,BFB-INS/DEL;BFB-event,BFB-FBI,BFB-INS/DEL+TRX,-,BFB-INS/DEL;BFB-event
SRR3949379,BFB-INS/DEL;BFB-event,BFB-INS/DEL;BFB-event,BFB-INS/DEL,-,-,-
SRR3949372,BFB-INS/DEL;BFB-event,-,BFB-INS/DEL,-,-,-
SRR3931745,BFB-FBI,-,-,-,-,-
SRR3931743,BFB-INS/DEL;BFB-event,-,BFB-INS/DEL,-,BFB-INS/DEL,-
SRR3928838,BFB-INS/DEL;BFB-event,-,BFB-INS/DEL,-,-,-
SRR3928839,BFB-INS/DEL;BFB-event,BFB-INS/DEL,BFB-INS/DEL,-,-,-
SRR3760964,BFB-INS/DEL;BFB-event,-,BFB-INS/DEL,BFB-INS/DEL,-,-
SRR3760966,BFB-INS/DEL;BFB-event,BFB-INS/DEL,-,BFB-INS/DEL+TRX;BFB-event,-,BFB-INS/DEL
SRR5115057,BFB-INS/DEL,-,-,BFB-INS/DEL,-,-
SRR5115058,BFB-INS/DEL;BFB-event,-,-,BFB-INS/DEL;BFB-event,-,-
SRR5115033,BFB-INS/DEL;BFB-event,-,-,BFB-FBI;BFB-event,-,-
SRR5115034,BFB-INS/DEL,BFB-INS/DEL,-,-,BFB-INS/DEL,-
SRR3987279,BFB-INS/DEL,-,BFB-INS/DEL,-,-,-
SRR3987281,BFB-INS/DEL;BFB-event,-,BFB-INS/DEL,-,-,-
SRR3949411,BFB-INS/DEL;BFB-event,BFB-INS/DEL,-,BFB-INS/DEL+TRX,-,-
SRR3949426,BFB-INS/DEL+TRX;BFB-event,BFB-INS/DEL;BFB-event,-,-,-,BFB-FBI;BFB-event
SRR5115030,BFB-INS/DEL;BFB-event,-,-,BFB-INS/DEL,-,-
SRR5115031,BFB-INS/DEL;BFB-event,-,-,BFB-INS/DEL+TRX,BFB-FBI;BFB-event,BFB-INS/DEL
SRR3953812,BFB-FBI,BFB-INS/DEL;BFB-event,-,-,-,-
SRR3953810,BFB-INS/DEL;BFB-event,-,-,BFB-INS/DEL;BFB-event,-,BFB-INS/DEL
SRR3931748,-,-,-,-,-,-
SRR3825084,BFB-INS/DEL;BFB-event,-,-,-,-,BFB-INS/DEL;BFB-event
SRR3989861,N/A,N/A,N/A,N/A,N/A,N/A,N/A,N/A
SRR3989859,N/A,N/A,N/A,N/A,N/A,N/A,N/A,N/A
SRR3928898,BFB-INS/DEL;BFB-event,BFB-INS/DEL,-,-,-,BFB-INS/DEL
SRR3928828,BFB-INS/DEL;BFB-event,-,BFB-INS/DEL,BFB-INS/DEL,-,-
SRR3949375,-,-,BFB-INS/DEL,-,-,-
SRR3949370,BFB-INS/DEL,-,-,-,-,-
SRR3987266,BFB-INS/DEL;BFB-event,-,BFB-INS/DEL,-,-,BFB-FBI
SRR3987282,BFB-INS/DEL;BFB-event,-,BFB-INS/DEL,-,BFB-FBI,-
SRR3987268,BFB-INS/DEL;BFB-event,BFB-INS/DEL,BFB-INS/DEL,-,BFB-FBI,BFB-FBI
SRR3987248,BFB-INS/DEL;BFB-event,BFB-FBI;BFB-event,-,-,-,-
SRR3953778,BFB-INS/DEL;BFB-event,-,BFB-INS/DEL,-,-,-
SRR3953780,-,-,-,BFB-INS/DEL;BFB-event,-,BFB-FBI
SRR3761027,BFB-INS/DEL;BFB-event,BFB-INS/DEL,BFB-FBI,BFB-INS/DEL,-,BFB-INS/DEL
SRR3761028,BFB-INS/DEL;BFB-event,BFB-FBI;BFB-event,BFB-INS/DEL,BFB-INS/DEL;BFB-event,-,-
SRR3987343,-,BFB-INS/DEL,BFB-FBI,-,-,-
SRR3987340,BFB-INS/DEL;BFB-event,-,-,-,BFB-INS/DEL;BFB-event,BFB-FBI;BFB-event
SRR3989876,BFB-INS/DEL,BFB-INS/DEL,BFB-INS/DEL,BFB-FBI,-,-
SRR3989865,N/A,N/A,N/A,N/A,N/A,N/A,N/A,N/A
SRR3931845,BFB-FBI,-,-,-,-,BFB-INS/DEL
SRR3825116,BFB-INS/DEL;BFB-event,BFB-INS/DEL,BFB-INS/DEL,BFB-INS/DEL+TRX,-,-
SRR3989900,-,-,-,-,-,-
SRR3989903,BFB-INS/DEL;BFB-event,-,BFB-INS/DEL,-,-,BFB-INS/DEL
SRR3945291,BFB-INS/DEL;BFB-event,-,BFB-INS/DEL,BFB-INS/DEL,-,BFB-INS/DEL
SRR3945293,BFB-INS/DEL,BFB-INS/DEL,-,-,-,-
SRR5114937,BFB-INS/DEL,BFB-INS/DEL,BFB-INS/DEL,-,-,-
,N/A,N/A,N/A,N/A,N/A,N/A,N/A,N/A
SRR3931815,BFB-INS/DEL,-,-,-,-,-
SRR3931813,BFB-INS/DEL;BFB-event,BFB-INS/DEL,-,BFB-INS/DEL;BFB-event,BFB-FBI,-
SRR3928867,BFB-INS/DEL;BFB-event,BFB-INS/DEL,-,-,BFB-INS/DEL,BFB-INS/DEL
SRR3928862,BFB-FBI,BFB-INS/DEL,-,-,-,-
SRR3989891,BFB-INS/DEL;BFB-event,BFB-INS/DEL;BFB-event,BFB-INS/DEL,-,-,-
SRR3989904,BFB-INS/DEL;BFB-event,-,BFB-INS/DEL;BFB-event,-,-,BFB-INS/DEL
SRR3928853,BFB-FBI,-,-,-,-,-
SRR3928860,BFB-INS/DEL;BFB-event,-,BFB-INS/DEL,-,-,-
SRR5114997,BFB-INS/DEL,BFB-INS/DEL,BFB-INS/DEL,-,-,-
SRR5114998,BFB-INS/DEL;BFB-event,-,-,-,BFB-INS/DEL,-
SRR3987241,BFB-INS/DEL;BFB-event,-,BFB-INS/DEL,BFB-INS/DEL;BFB-event,-,-
SRR3931821,BFB-FBI,-,BFB-INS/DEL,-,-,-
SRR3945310,N/A,N/A,N/A,N/A,N/A,N/A,N/A,N/A
SRR3945311,N/A,N/A,N/A,N/A,N/A,N/A,N/A,N/A
SRR5115042,BFB-INS/DEL,BFB-INS/DEL;BFB-event,BFB-INS/DEL,-,-,-
SRR5115043,BFB-INS/DEL;BFB-event,BFB-INS/DEL;BFB-event,BFB-INS/DEL,-,BFB-INS/DEL,-
SRR3953845,BFB-INS/DEL;BFB-event,-,-,-,-,-
SRR3953846,BFB-INS/DEL,BFB-INS/DEL,BFB-INS/DEL,-,BFB-FBI,-
SRR3945284,BFB-INS/DEL,-,-,-,-,-
SRR3928802,BFB-INS/DEL;BFB-event,BFB-INS/DEL;BFB-event,BFB-INS/DEL,-,-,-
SRR5114970,N/A,N/A,N/A,N/A,N/A,N/A,N/A,N/A
SRR5114971,N/A,N/A,N/A,N/A,N/A,N/A,N/A,N/A
SRR5114949,N/A,N/A,N/A,N/A,N/A,N/A,N/A,N/A
SRR5114950,N/A,N/A,N/A,N/A,N/A,N/A,N/A,N/A
SRR3760990,BFB-FBI;BFB-event,-,BFB-INS/DEL,-,-,-
SRR3760989,BFB-INS/DEL;BFB-event,BFB-INS/DEL,BFB-INS/DEL,-,-,-
SRR5114988,N/A,N/A,N/A,N/A,N/A,N/A,N/A,N/A
SRR5114989,N/A,N/A,N/A,N/A,N/A,N/A,N/A,N/A
SRR3953818,BFB-INS/DEL,-,-,-,-,-
SRR3953823,-,-,-,-,-,-
SRR5115006,BFB-INS/DEL;BFB-event,-,-,-,-,-
SRR5115007,BFB-FBI;BFB-event,-,-,-,-,-
SRR3949397,BFB-INS/DEL;BFB-event,BFB-INS/DEL,BFB-INS/DEL,BFB-INS/DEL,-,-
SRR3949396,BFB-INS/DEL;BFB-event,-,BFB-FBI,-,-,-
SRR3987295,BFB-INS/DEL,BFB-INS/DEL,BFB-INS/DEL,-,-,-
SRR3987314,BFB-INS/DEL,-,-,BFB-INS/DEL,-,-
SRR3987365,BFB-INS/DEL;BFB-event,BFB-INS/DEL,BFB-INS/DEL,-,-,-
SRR3987364,BFB-FBI,BFB-INS/DEL,-,-,-,-
SRR3945313,N/A,N/A,N/A,N/A,N/A,N/A,N/A,N/A
SRR3945314,N/A,N/A,N/A,N/A,N/A,N/A,N/A,N/A
SRR3953770,BFB-INS/DEL;BFB-event,BFB-INS/DEL,-,-,-,-
SRR3953769,BFB-INS/DEL;BFB-event,BFB-INS/DEL;BFB-event,BFB-INS/DEL,-,-,-
SRR3989906,BFB-INS/DEL;BFB-event,BFB-INS/DEL,BFB-INS/DEL+TRX,-,-,-
SRR3989902,-,BFB-INS/DEL,-,BFB-INS/DEL,BFB-INS/DEL,-
SRR3987255,BFB-INS/DEL,BFB-INS/DEL;BFB-event,-,-,-,-
SRR3987256,BFB-INS/DEL;BFB-event,BFB-INS/DEL,BFB-INS/DEL,-,-,-
SRR5114913,N/A,N/A,N/A,N/A,N/A,N/A,N/A,N/A
SRR5114914,N/A,N/A,N/A,N/A,N/A,N/A,N/A,N/A
SRR3945335,BFB-INS/DEL;BFB-event,BFB-INS/DEL;BFB-event,BFB-INS/DEL,-,-,-
SRR3945342,-,BFB-INS/DEL,BFB-INS/DEL,-,BFB-FBI,BFB-INS/DEL
SRR3760950,BFB-FBI,-,BFB-INS/DEL,BFB-INS/DEL,-,-
SRR3760951,BFB-INS/DEL,BFB-INS/DEL;BFB-event,BFB-INS/DEL,-,-,-
SRR3949423,BFB-INS/DEL,-,-,-,-,-
SRR3949390,BFB-INS/DEL;BFB-event,BFB-INS/DEL;BFB-event,BFB-INS/DEL,BFB-INS/DEL+TRX,-,-
SRR3949416,BFB-INS/DEL,-,BFB-INS/DEL,-,-,BFB-INS/DEL
SRR3949415,BFB-FBI,BFB-FBI;BFB-event,BFB-FBI,BFB-INS/DEL,BFB-INS/DEL+TRX,-
SRR3761000,BFB-INS/DEL;BFB-event,BFB-INS/DEL;BFB-event,-,-,-,-
SRR3760998,BFB-INS/DEL,-,BFB-INS/DEL,-,-,-
SRR3928814,BFB-INS/DEL;BFB-event,-,BFB-INS/DEL,-,-,BFB-INS/DEL
SRR3928813,BFB-INS/DEL;BFB-event,BFB-INS/DEL,-,BFB-INS/DEL+TRX,-,-
SRR3825062,BFB-INS/DEL;BFB-event,BFB-INS/DEL;BFB-event,-,BFB-INS/DEL+TRX;BFB-event,-,-
SRR3931723,BFB-INS/DEL;BFB-event,BFB-FBI,BFB-INS/DEL,-,-,-
SRR3931838,BFB-FBI;BFB-event,BFB-INS/DEL,BFB-INS/DEL,-,-,BFB-INS/DEL
SRR3931834,BFB-INS/DEL;BFB-event,BFB-FBI;BFB-event,-,BFB-INS/DEL,-,-
SRR3931756,BFB-FBI,BFB-INS/DEL,BFB-INS/DEL,-,-,-
SRR3931809,BFB-INS/DEL;BFB-event,-,BFB-INS/DEL,BFB-FBI,-,-
SRR3760972,BFB-INS/DEL,BFB-INS/DEL,BFB-INS/DEL,-,-,-
SRR3760971,BFB-INS/DEL;BFB-event,-,BFB-INS/DEL,-,-,BFB-FBI
SRR3931786,BFB-INS/DEL,BFB-INS/DEL;BFB-event,-,-,-,-
SRR3931783,N/A,N/A,N/A,N/A,N/A,N/A,N/A,N/A
SRR3825105,BFB-INS/DEL;BFB-event,BFB-INS/DEL,-,BFB-FBI;BFB-event,BFB-INS/DEL,BFB-INS/DEL
SRR3825138,BFB-INS/DEL,BFB-INS/DEL;BFB-event,BFB-INS/DEL,BFB-FBI,-,-
SRR5114919,N/A,N/A,N/A,N/A,N/A,N/A,N/A,N/A
SRR5114920,N/A,N/A,N/A,N/A,N/A,N/A,N/A,N/A
SRR3928847,BFB-FBI,BFB-INS/DEL,-,-,-,-
SRR3928893,BFB-INS/DEL,-,-,-,BFB-INS/DEL,BFB-INS/DEL
SRR3825129,BFB-INS/DEL;BFB-event,BFB-INS/DEL,-,-,BFB-INS/DEL,-
SRR3825131,BFB-INS/DEL;BFB-event,BFB-INS/DEL,BFB-FBI,-,BFB-INS/DEL,-
SRR3953758,BFB-INS/DEL,BFB-INS/DEL,-,-,-,-
SRR3945297,N/A,N/A,N/A,N/A,N/A,N/A,N/A,N/A
SRR3760941,BFB-INS/DEL;BFB-event,BFB-INS/DEL,-,-,BFB-INS/DEL,-
SRR3760942,-,-,-,-,-,-
SRR3953786,BFB-INS/DEL,-,BFB-INS/DEL,BFB-FBI,-,-
SRR3953787,BFB-INS/DEL;BFB-event,BFB-FBI;BFB-event,-,-,BFB-FBI,-
,N/A,N/A,N/A,N/A,N/A,N/A,N/A,N/A
SRR5114995,-,-,-,-,-,BFB-INS/DEL
SRR3987352,BFB-INS/DEL,-,BFB-INS/DEL,-,-,-
SRR3987354,BFB-INS/DEL;BFB-event,-,-,-,-,-
SRR3945486,BFB-INS/DEL,BFB-INS/DEL,-,BFB-INS/DEL;BFB-event,-,-
SRR3945485,BFB-INS/DEL,BFB-INS/DEL,-,BFB-INS/DEL,-,-
SRR3931789,BFB-FBI;BFB-event,BFB-FBI,BFB-INS/DEL,-,-,-
SRR3931822,BFB-INS/DEL,-,-,BFB-INS/DEL;BFB-event,BFB-INS/DEL,BFB-FBI
SRR3989812,BFB-INS/DEL;BFB-event,BFB-FBI;BFB-event,-,-,BFB-INS/DEL,-
SRR3989820,BFB-INS/DEL,-,-,-,-,-
SRR3928857,BFB-INS/DEL;BFB-event,-,BFB-INS/DEL,-,-,-
SRR3928835,BFB-INS/DEL,-,BFB-INS/DEL,-,-,-
SRR5114958,BFB-INS/DEL,-,-,-,-,-
,N/A,N/A,N/A,N/A,N/A,N/A,N/A,N/A
SRR5115051,BFB-INS/DEL,-,-,BFB-FBI;BFB-event,-,BFB-INS/DEL
SRR5115052,-,-,-,BFB-INS/DEL,BFB-INS/DEL,-
